[    1606ms] [ERROR] Failed to load resource: net::ERR_BLOCKED_BY_CLIENT @ https://collector.github.com/github/collect:0
[    1625ms] [ERROR] Failed to load resource: net::ERR_BLOCKED_BY_CLIENT @ https://collector.github.com/github/collect:0
[    1652ms] [ERROR] Failed to load resource: net::ERR_BLOCKED_BY_CLIENT @ https://collector.github.com/github/collect:0
[    1712ms] [ERROR] Failed to load resource: net::ERR_BLOCKED_BY_CLIENT @ https://collector.github.com/github/collect:0
[    1755ms] [ERROR] Failed to load resource: net::ERR_BLOCKED_BY_CLIENT @ https://collector.github.com/github/collect:0
[    1763ms] [ERROR] Failed to load resource: net::ERR_BLOCKED_BY_CLIENT @ https://collector.github.com/github/collect:0
[    1764ms] [ERROR] Failed to load resource: net::ERR_BLOCKED_BY_CLIENT @ https://api.github.com/_private/browser/stats:0
[    1765ms] [ERROR] Failed to load resource: net::ERR_BLOCKED_BY_CLIENT @ https://collector.github.com/github/collect:0
[    1791ms] [ERROR] Failed to load resource: net::ERR_BLOCKED_BY_CLIENT @ https://collector.github.com/github/collect:0
[    1793ms] [ERROR] Failed to load resource: net::ERR_BLOCKED_BY_CLIENT @ https://collector.github.com/github/collect:0
[    1848ms] [ERROR] Failed to load resource: net::ERR_BLOCKED_BY_CLIENT @ https://collector.github.com/github/collect:0
[    1880ms] [ERROR] Failed to load resource: net::ERR_BLOCKED_BY_CLIENT @ https://collector.github.com/github/collect:0
[    2029ms] [ERROR] Failed to load resource: net::ERR_BLOCKED_BY_CLIENT @ https://collector.github.com/github/collect:0
[    2030ms] [ERROR] Failed to load resource: net::ERR_BLOCKED_BY_CLIENT @ https://collector.github.com/github/collect:0
[    2039ms] [ERROR] Failed to load resource: net::ERR_BLOCKED_BY_CLIENT @ https://collector.github.com/github/collect:0
[    6275ms] [ERROR] Failed to load resource: net::ERR_BLOCKED_BY_CLIENT @ https://collector.github.com/github/collect:0
[   10139ms] [ERROR] Failed to load resource: net::ERR_BLOCKED_BY_CLIENT @ https://collector.github.com/github/collect:0
[   40187ms] [ERROR] Unchecked runtime.lastError: Could not establish connection. Receiving end does not exist. @ https://github.com/markgrafhq/markgraf-browser-extension:0
[   40189ms] [ERROR] Unchecked runtime.lastError: Could not establish connection. Receiving end does not exist. @ https://github.com/markgrafhq/markgraf-browser-extension:0
[   71032ms] [ERROR] Unchecked runtime.lastError: Could not establish connection. Receiving end does not exist. @ https://github.com/markgrafhq/markgraf-browser-extension:0
[   71034ms] [ERROR] Unchecked runtime.lastError: Could not establish connection. Receiving end does not exist. @ https://github.com/markgrafhq/markgraf-browser-extension:0
[  136501ms] [ERROR] Unchecked runtime.lastError: Could not establish connection. Receiving end does not exist. @ https://github.com/markgrafhq/markgraf-browser-extension:0
[  152655ms] [ERROR] Failed to load resource: net::ERR_BLOCKED_BY_CLIENT @ https://collector.github.com/github/collect:0
[  155672ms] [ERROR] Failed to load resource: net::ERR_BLOCKED_BY_CLIENT @ https://collector.github.com/github/collect:0
[  155697ms] [ERROR] Failed to load resource: net::ERR_BLOCKED_BY_CLIENT @ https://collector.github.com/github/collect:0
[  155729ms] [ERROR] Failed to load resource: net::ERR_BLOCKED_BY_CLIENT @ https://collector.github.com/github/collect:0
[  155731ms] [ERROR] Failed to load resource: net::ERR_BLOCKED_BY_CLIENT @ https://collector.github.com/github/collect:0
[  155772ms] [ERROR] Failed to load resource: net::ERR_BLOCKED_BY_CLIENT @ https://collector.github.com/github/collect:0
[  155773ms] [ERROR] Failed to load resource: net::ERR_BLOCKED_BY_CLIENT @ https://collector.github.com/github/collect:0
[  155780ms] [ERROR] Failed to load resource: net::ERR_BLOCKED_BY_CLIENT @ https://api.github.com/_private/browser/stats:0
[  155780ms] [ERROR] Failed to load resource: net::ERR_BLOCKED_BY_CLIENT @ https://collector.github.com/github/collect:0
[  155788ms] [ERROR] Failed to load resource: net::ERR_BLOCKED_BY_CLIENT @ https://collector.github.com/github/collect:0
[  155818ms] [ERROR] Failed to load resource: net::ERR_BLOCKED_BY_CLIENT @ https://collector.github.com/github/collect:0
[  156027ms] [ERROR] Failed to load resource: net::ERR_BLOCKED_BY_CLIENT @ https://collector.github.com/github/collect:0
[  156035ms] [ERROR] Failed to load resource: net::ERR_BLOCKED_BY_CLIENT @ https://collector.github.com/github/collect:0
[  157310ms] [ERROR] Failed to load resource: net::ERR_BLOCKED_BY_CLIENT @ https://collector.github.com/github/collect:0
[  160741ms] [ERROR] Failed to load resource: net::ERR_BLOCKED_BY_CLIENT @ https://collector.github.com/github/collect:0
[  190789ms] [ERROR] Unchecked runtime.lastError: Could not establish connection. Receiving end does not exist. @ https://github.com/markgrafhq/markgraf-browser-extension:0
[  221102ms] [ERROR] Failed to load resource: net::ERR_BLOCKED_BY_CLIENT @ https://collector.github.com/github/collect:0
[  251152ms] [ERROR] Unchecked runtime.lastError: Could not establish connection. Receiving end does not exist. @ https://github.com/markgrafhq/markgraf-browser-extension:0
[  251154ms] [ERROR] Unchecked runtime.lastError: Could not establish connection. Receiving end does not exist. @ https://github.com/markgrafhq/markgraf-browser-extension:0
[  265246ms] [ERROR] Failed to load resource: net::ERR_BLOCKED_BY_CLIENT @ https://collector.github.com/github/collect:0
[  277892ms] [ERROR] Failed to load resource: net::ERR_BLOCKED_BY_CLIENT @ https://collector.github.com/github/collect:0
[  279749ms] [ERROR] Failed to load resource: net::ERR_BLOCKED_BY_CLIENT @ https://collector.github.com/github/collect:0
[  309798ms] [ERROR] Unchecked runtime.lastError: Could not establish connection. Receiving end does not exist. @ https://github.com/markgrafhq/markgraf-browser-extension:0
[  340671ms] [ERROR] Unchecked runtime.lastError: Could not establish connection. Receiving end does not exist. @ https://github.com/markgrafhq/markgraf-browser-extension:0
[  371505ms] [ERROR] Unchecked runtime.lastError: Could not establish connection. Receiving end does not exist. @ https://github.com/markgrafhq/markgraf-browser-extension:0
[  381549ms] [ERROR] Failed to load resource: net::ERR_BLOCKED_BY_CLIENT @ https://collector.github.com/github/collect:0
[  382819ms] [ERROR] Failed to load resource: net::ERR_BLOCKED_BY_CLIENT @ https://collector.github.com/github/collect:0
[  436220ms] [ERROR] Failed to load resource: net::ERR_BLOCKED_BY_CLIENT @ https://collector.github.com/github/collect:0
[  634250ms] [ERROR] Failed to load resource: net::ERR_BLOCKED_BY_CLIENT @ https://collector.github.com/github/collect:0
[  634267ms] [ERROR] Failed to load resource: net::ERR_BLOCKED_BY_CLIENT @ https://collector.github.com/github/collect:0
[  636608ms] [ERROR] Failed to load resource: net::ERR_BLOCKED_BY_CLIENT @ https://collector.github.com/github/collect:0
[  636764ms] [ERROR] Failed to load resource: net::ERR_BLOCKED_BY_CLIENT @ https://collector.github.com/github/collect:0
[  637511ms] [ERROR] Failed to load resource: net::ERR_BLOCKED_BY_CLIENT @ https://collector.github.com/github/collect:0
[  674975ms] [ERROR] Failed to load resource: net::ERR_BLOCKED_BY_CLIENT @ https://collector.github.com/github/collect:0
[  689503ms] [ERROR] Failed to load resource: net::ERR_BLOCKED_BY_CLIENT @ https://collector.github.com/github/collect:0
[  689534ms] [ERROR] Failed to load resource: net::ERR_BLOCKED_BY_CLIENT @ https://collector.github.com/github/collect:0
[  720004ms] [ERROR] Failed to load resource: net::ERR_BLOCKED_BY_CLIENT @ https://collector.github.com/github/collect:0
[  720185ms] [ERROR] Failed to load resource: net::ERR_BLOCKED_BY_CLIENT @ https://collector.github.com/github/collect:0
[  720356ms] [ERROR] Failed to load resource: net::ERR_BLOCKED_BY_CLIENT @ https://collector.github.com/github/collect:0
[  754556ms] [ERROR] Failed to load resource: net::ERR_BLOCKED_BY_CLIENT @ https://collector.github.com/github/collect:0
[  770209ms] [ERROR] Failed to load resource: net::ERR_BLOCKED_BY_CLIENT @ https://collector.github.com/github/collect:0
[  770238ms] [ERROR] Failed to load resource: net::ERR_BLOCKED_BY_CLIENT @ https://collector.github.com/github/collect:0
[  778625ms] [ERROR] Failed to load resource: net::ERR_BLOCKED_BY_CLIENT @ https://collector.github.com/github/collect:0
[  808761ms] [ERROR] Failed to load resource: net::ERR_BLOCKED_BY_CLIENT @ https://collector.github.com/github/collect:0
[  842342ms] [ERROR] Failed to load resource: net::ERR_BLOCKED_BY_CLIENT @ https://collector.github.com/github/collect:0
[  866436ms] [ERROR] Failed to load resource: net::ERR_BLOCKED_BY_CLIENT @ https://collector.github.com/github/collect:0
[  878338ms] [ERROR] Failed to load resource: net::ERR_BLOCKED_BY_CLIENT @ https://collector.github.com/github/collect:0
[  936205ms] [ERROR] Failed to load resource: net::ERR_BLOCKED_BY_CLIENT @ https://collector.github.com/github/collect:0
[  948178ms] [ERROR] Failed to load resource: net::ERR_BLOCKED_BY_CLIENT @ https://collector.github.com/github/collect:0
[  993277ms] [ERROR] Failed to load resource: net::ERR_BLOCKED_BY_CLIENT @ https://collector.github.com/github/collect:0
[ 1039652ms] [ERROR] Failed to load resource: net::ERR_BLOCKED_BY_CLIENT @ https://collector.github.com/github/collect:0
[ 1040740ms] [ERROR] Failed to load resource: net::ERR_BLOCKED_BY_CLIENT @ https://collector.github.com/github/collect:0
[ 1041058ms] [ERROR] Failed to load resource: net::ERR_BLOCKED_BY_CLIENT @ https://collector.github.com/github/collect:0
[ 1041391ms] [ERROR] Failed to load resource: net::ERR_BLOCKED_BY_CLIENT @ https://collector.github.com/github/collect:0
[ 1041736ms] [ERROR] Failed to load resource: net::ERR_BLOCKED_BY_CLIENT @ https://collector.github.com/github/collect:0
[ 1043106ms] [ERROR] Failed to load resource: net::ERR_BLOCKED_BY_CLIENT @ https://collector.github.com/github/collect:0
[ 1043752ms] [ERROR] Failed to load resource: net::ERR_BLOCKED_BY_CLIENT @ https://collector.github.com/github/collect:0
[ 1047206ms] [ERROR] Failed to load resource: net::ERR_BLOCKED_BY_CLIENT @ https://collector.github.com/github/collect:0
[ 1047520ms] [ERROR] Failed to load resource: net::ERR_BLOCKED_BY_CLIENT @ https://collector.github.com/github/collect:0
[ 1048096ms] [ERROR] Failed to load resource: net::ERR_BLOCKED_BY_CLIENT @ https://collector.github.com/github/collect:0
[ 1050024ms] [ERROR] Failed to load resource: net::ERR_BLOCKED_BY_CLIENT @ https://collector.github.com/github/collect:0
[ 1050065ms] [ERROR] Failed to load resource: net::ERR_BLOCKED_BY_CLIENT @ https://collector.github.com/github/collect:0
[ 1050286ms] [ERROR] Failed to load resource: net::ERR_BLOCKED_BY_CLIENT @ https://collector.github.com/github/collect:0
[ 1050757ms] [ERROR] Failed to load resource: net::ERR_BLOCKED_BY_CLIENT @ https://collector.github.com/github/collect:0
[ 1051924ms] [ERROR] Failed to load resource: net::ERR_BLOCKED_BY_CLIENT @ https://collector.github.com/github/collect:0
[ 1053517ms] [ERROR] Failed to load resource: net::ERR_BLOCKED_BY_CLIENT @ https://collector.github.com/github/collect:0
[ 1054661ms] [ERROR] Failed to load resource: net::ERR_BLOCKED_BY_CLIENT @ https://collector.github.com/github/collect:0
[ 1055806ms] [ERROR] Failed to load resource: net::ERR_BLOCKED_BY_CLIENT @ https://collector.github.com/github/collect:0
[ 1056536ms] [ERROR] Failed to load resource: net::ERR_BLOCKED_BY_CLIENT @ https://collector.github.com/github/collect:0
[ 1057216ms] [ERROR] Failed to load resource: net::ERR_BLOCKED_BY_CLIENT @ https://collector.github.com/github/collect:0
[ 1060723ms] [ERROR] Failed to load resource: net::ERR_BLOCKED_BY_CLIENT @ https://collector.github.com/github/collect:0
[ 1061358ms] [ERROR] Failed to load resource: net::ERR_BLOCKED_BY_CLIENT @ https://collector.github.com/github/collect:0
[ 1062916ms] [ERROR] Failed to load resource: net::ERR_BLOCKED_BY_CLIENT @ https://collector.github.com/github/collect:0
[ 1063087ms] [ERROR] Failed to load resource: net::ERR_BLOCKED_BY_CLIENT @ https://collector.github.com/github/collect:0
[ 1063328ms] [ERROR] Failed to load resource: net::ERR_BLOCKED_BY_CLIENT @ https://collector.github.com/github/collect:0
[ 1063536ms] [ERROR] Failed to load resource: net::ERR_BLOCKED_BY_CLIENT @ https://collector.github.com/github/collect:0
[ 1063564ms] [ERROR] Failed to load resource: net::ERR_BLOCKED_BY_CLIENT @ https://collector.github.com/github/collect:0
[ 1064484ms] [ERROR] Failed to load resource: net::ERR_BLOCKED_BY_CLIENT @ https://collector.github.com/github/collect:0
[ 1064782ms] [ERROR] Failed to load resource: net::ERR_BLOCKED_BY_CLIENT @ https://collector.github.com/github/collect:0
[ 1065002ms] [ERROR] Failed to load resource: net::ERR_BLOCKED_BY_CLIENT @ https://collector.github.com/github/collect:0
[ 1065141ms] [ERROR] Failed to load resource: net::ERR_BLOCKED_BY_CLIENT @ https://collector.github.com/github/collect:0
[ 1065675ms] [ERROR] Failed to load resource: net::ERR_BLOCKED_BY_CLIENT @ https://collector.github.com/github/collect:0
[ 1065811ms] [ERROR] Failed to load resource: net::ERR_BLOCKED_BY_CLIENT @ https://collector.github.com/github/collect:0
[ 1065855ms] [ERROR] Failed to load resource: net::ERR_BLOCKED_BY_CLIENT @ https://collector.github.com/github/collect:0
[ 1066291ms] [ERROR] Failed to load resource: net::ERR_BLOCKED_BY_CLIENT @ https://collector.github.com/github/collect:0
[ 1067514ms] [ERROR] Failed to load resource: net::ERR_BLOCKED_BY_CLIENT @ https://collector.github.com/github/collect:0
[ 1067932ms] [ERROR] Failed to load resource: net::ERR_BLOCKED_BY_CLIENT @ https://collector.github.com/github/collect:0
[ 1068136ms] [ERROR] Failed to load resource: net::ERR_BLOCKED_BY_CLIENT @ https://collector.github.com/github/collect:0
[ 1068895ms] [ERROR] Failed to load resource: net::ERR_BLOCKED_BY_CLIENT @ https://collector.github.com/github/collect:0
[ 1069108ms] [ERROR] Failed to load resource: net::ERR_BLOCKED_BY_CLIENT @ https://collector.github.com/github/collect:0
[ 1069743ms] [ERROR] Failed to load resource: net::ERR_BLOCKED_BY_CLIENT @ https://collector.github.com/github/collect:0
[ 1071172ms] [ERROR] Failed to load resource: net::ERR_BLOCKED_BY_CLIENT @ https://collector.github.com/github/collect:0
[ 1071475ms] [ERROR] Failed to load resource: net::ERR_BLOCKED_BY_CLIENT @ https://collector.github.com/github/collect:0
[ 1071505ms] [ERROR] Failed to load resource: net::ERR_BLOCKED_BY_CLIENT @ https://collector.github.com/github/collect:0
[ 1072199ms] [ERROR] Failed to load resource: net::ERR_BLOCKED_BY_CLIENT @ https://collector.github.com/github/collect:0
[ 1074950ms] [ERROR] Failed to load resource: net::ERR_BLOCKED_BY_CLIENT @ https://collector.github.com/github/collect:0
[ 1076089ms] [ERROR] Failed to load resource: net::ERR_BLOCKED_BY_CLIENT @ https://collector.github.com/github/collect:0
[ 1076636ms] [ERROR] Failed to load resource: net::ERR_BLOCKED_BY_CLIENT @ https://collector.github.com/github/collect:0
[ 1077233ms] [ERROR] Failed to load resource: net::ERR_BLOCKED_BY_CLIENT @ https://collector.github.com/github/collect:0
[ 1081218ms] [ERROR] Failed to load resource: net::ERR_BLOCKED_BY_CLIENT @ https://collector.github.com/github/collect:0
[ 1081924ms] [ERROR] Failed to load resource: net::ERR_BLOCKED_BY_CLIENT @ https://collector.github.com/github/collect:0
[ 1083553ms] [ERROR] Failed to load resource: net::ERR_BLOCKED_BY_CLIENT @ https://collector.github.com/github/collect:0
[ 1083590ms] [ERROR] Failed to load resource: net::ERR_BLOCKED_BY_CLIENT @ https://collector.github.com/github/collect:0
[ 1087539ms] [ERROR] Failed to load resource: net::ERR_BLOCKED_BY_CLIENT @ https://collector.github.com/github/collect:0
[ 1087992ms] [ERROR] Failed to load resource: net::ERR_BLOCKED_BY_CLIENT @ https://collector.github.com/github/collect:0
[ 1088691ms] [ERROR] Failed to load resource: net::ERR_BLOCKED_BY_CLIENT @ https://collector.github.com/github/collect:0
[ 1089326ms] [ERROR] Failed to load resource: net::ERR_BLOCKED_BY_CLIENT @ https://collector.github.com/github/collect:0
[ 1089848ms] [ERROR] Failed to load resource: net::ERR_BLOCKED_BY_CLIENT @ https://collector.github.com/github/collect:0
[ 1089991ms] [ERROR] Failed to load resource: net::ERR_BLOCKED_BY_CLIENT @ https://collector.github.com/github/collect:0
[ 1090358ms] [ERROR] Failed to load resource: net::ERR_BLOCKED_BY_CLIENT @ https://collector.github.com/github/collect:0
[ 1091003ms] [ERROR] Failed to load resource: net::ERR_BLOCKED_BY_CLIENT @ https://collector.github.com/github/collect:0
[ 1091171ms] [ERROR] Failed to load resource: net::ERR_BLOCKED_BY_CLIENT @ https://collector.github.com/github/collect:0
[ 1091611ms] [ERROR] Failed to load resource: net::ERR_BLOCKED_BY_CLIENT @ https://collector.github.com/github/collect:0
[ 1092095ms] [ERROR] Failed to load resource: net::ERR_BLOCKED_BY_CLIENT @ https://collector.github.com/github/collect:0
[ 1092371ms] [ERROR] Failed to load resource: net::ERR_BLOCKED_BY_CLIENT @ https://collector.github.com/github/collect:0
[ 1092442ms] [ERROR] Failed to load resource: net::ERR_BLOCKED_BY_CLIENT @ https://collector.github.com/github/collect:0
[ 1093427ms] [ERROR] Failed to load resource: net::ERR_BLOCKED_BY_CLIENT @ https://collector.github.com/github/collect:0
[ 1094461ms] [ERROR] Failed to load resource: net::ERR_BLOCKED_BY_CLIENT @ https://collector.github.com/github/collect:0
[ 1095617ms] [ERROR] Failed to load resource: net::ERR_BLOCKED_BY_CLIENT @ https://collector.github.com/github/collect:0
[ 1096620ms] [ERROR] Failed to load resource: net::ERR_BLOCKED_BY_CLIENT @ https://collector.github.com/github/collect:0
[ 1097014ms] [ERROR] Failed to load resource: net::ERR_BLOCKED_BY_CLIENT @ https://collector.github.com/github/collect:0
[ 1097232ms] [ERROR] Failed to load resource: net::ERR_BLOCKED_BY_CLIENT @ https://collector.github.com/github/collect:0
[ 1098174ms] [ERROR] Failed to load resource: net::ERR_BLOCKED_BY_CLIENT @ https://collector.github.com/github/collect:0
[ 1098911ms] [ERROR] Failed to load resource: net::ERR_BLOCKED_BY_CLIENT @ https://collector.github.com/github/collect:0
[ 1099045ms] [ERROR] Failed to load resource: net::ERR_BLOCKED_BY_CLIENT @ https://collector.github.com/github/collect:0
[ 1099675ms] [ERROR] Failed to load resource: net::ERR_BLOCKED_BY_CLIENT @ https://collector.github.com/github/collect:0
[ 1100272ms] [ERROR] Failed to load resource: net::ERR_BLOCKED_BY_CLIENT @ https://collector.github.com/github/collect:0
[ 1102258ms] [ERROR] Failed to load resource: net::ERR_BLOCKED_BY_CLIENT @ https://collector.github.com/github/collect:0
[ 1104266ms] [ERROR] Failed to load resource: net::ERR_BLOCKED_BY_CLIENT @ https://collector.github.com/github/collect:0
[ 1104694ms] [ERROR] Failed to load resource: net::ERR_BLOCKED_BY_CLIENT @ https://collector.github.com/github/collect:0
[ 1104912ms] [ERROR] Failed to load resource: net::ERR_BLOCKED_BY_CLIENT @ https://collector.github.com/github/collect:0
[ 1105238ms] [ERROR] Failed to load resource: net::ERR_BLOCKED_BY_CLIENT @ https://collector.github.com/github/collect:0
[ 1106730ms] [ERROR] Failed to load resource: net::ERR_BLOCKED_BY_CLIENT @ https://collector.github.com/github/collect:0
[ 1107029ms] [ERROR] Failed to load resource: net::ERR_BLOCKED_BY_CLIENT @ https://collector.github.com/github/collect:0
[ 1107916ms] [ERROR] Failed to load resource: net::ERR_BLOCKED_BY_CLIENT @ https://collector.github.com/github/collect:0
[ 1108483ms] [ERROR] Failed to load resource: net::ERR_BLOCKED_BY_CLIENT @ https://collector.github.com/github/collect:0
[ 1108993ms] [ERROR] Failed to load resource: net::ERR_BLOCKED_BY_CLIENT @ https://collector.github.com/github/collect:0
[ 1110259ms] [ERROR] Failed to load resource: net::ERR_BLOCKED_BY_CLIENT @ https://collector.github.com/github/collect:0
[ 1110446ms] [ERROR] Failed to load resource: net::ERR_BLOCKED_BY_CLIENT @ https://collector.github.com/github/collect:0
[ 1111480ms] [ERROR] Failed to load resource: net::ERR_BLOCKED_BY_CLIENT @ https://collector.github.com/github/collect:0
[ 1111662ms] [ERROR] Failed to load resource: net::ERR_BLOCKED_BY_CLIENT @ https://collector.github.com/github/collect:0
[ 1112674ms] [ERROR] Failed to load resource: net::ERR_BLOCKED_BY_CLIENT @ https://collector.github.com/github/collect:0
[ 1112906ms] [ERROR] Failed to load resource: net::ERR_BLOCKED_BY_CLIENT @ https://collector.github.com/github/collect:0
[ 1113069ms] [ERROR] Failed to load resource: net::ERR_BLOCKED_BY_CLIENT @ https://collector.github.com/github/collect:0
[ 1113266ms] [ERROR] Failed to load resource: net::ERR_BLOCKED_BY_CLIENT @ https://collector.github.com/github/collect:0
[ 1113283ms] [ERROR] Failed to load resource: net::ERR_BLOCKED_BY_CLIENT @ https://collector.github.com/github/collect:0
[ 1113925ms] [ERROR] Failed to load resource: net::ERR_BLOCKED_BY_CLIENT @ https://collector.github.com/github/collect:0
[ 1117134ms] [ERROR] Failed to load resource: net::ERR_BLOCKED_BY_CLIENT @ https://collector.github.com/github/collect:0
[ 1118871ms] [ERROR] Failed to load resource: net::ERR_BLOCKED_BY_CLIENT @ https://collector.github.com/github/collect:0
[ 1120684ms] [ERROR] Failed to load resource: net::ERR_BLOCKED_BY_CLIENT @ https://collector.github.com/github/collect:0
[ 1121419ms] [ERROR] Failed to load resource: net::ERR_BLOCKED_BY_CLIENT @ https://collector.github.com/github/collect:0
[ 1125385ms] [ERROR] Failed to load resource: net::ERR_BLOCKED_BY_CLIENT @ https://collector.github.com/github/collect:0
[ 1125404ms] [ERROR] Failed to load resource: net::ERR_BLOCKED_BY_CLIENT @ https://collector.github.com/github/collect:0
[ 1125704ms] [ERROR] Failed to load resource: net::ERR_BLOCKED_BY_CLIENT @ https://collector.github.com/github/collect:0
[ 1127568ms] [ERROR] Failed to load resource: net::ERR_BLOCKED_BY_CLIENT @ https://collector.github.com/github/collect:0
[ 1127858ms] [ERROR] Failed to load resource: net::ERR_BLOCKED_BY_CLIENT @ https://collector.github.com/github/collect:0
[ 1128317ms] [ERROR] Failed to load resource: net::ERR_BLOCKED_BY_CLIENT @ https://collector.github.com/github/collect:0
[ 1128468ms] [ERROR] Failed to load resource: net::ERR_BLOCKED_BY_CLIENT @ https://collector.github.com/github/collect:0
[ 1128887ms] [ERROR] Failed to load resource: net::ERR_BLOCKED_BY_CLIENT @ https://collector.github.com/github/collect:0
[ 1128920ms] [ERROR] Failed to load resource: net::ERR_BLOCKED_BY_CLIENT @ https://collector.github.com/github/collect:0
[ 1129183ms] [ERROR] Failed to load resource: net::ERR_BLOCKED_BY_CLIENT @ https://collector.github.com/github/collect:0
[ 1129453ms] [ERROR] Failed to load resource: net::ERR_BLOCKED_BY_CLIENT @ https://collector.github.com/github/collect:0
[ 1129484ms] [ERROR] Failed to load resource: net::ERR_BLOCKED_BY_CLIENT @ https://collector.github.com/github/collect:0
[ 1153586ms] [ERROR] Failed to load resource: net::ERR_BLOCKED_BY_CLIENT @ https://collector.github.com/github/collect:0
[ 1220359ms] [ERROR] Failed to load resource: net::ERR_BLOCKED_BY_CLIENT @ https://collector.github.com/github/collect:0
[ 1242977ms] [ERROR] Failed to load resource: net::ERR_BLOCKED_BY_CLIENT @ https://collector.github.com/github/collect:0
[ 1255678ms] [ERROR] Failed to load resource: net::ERR_BLOCKED_BY_CLIENT @ https://collector.github.com/github/collect:0
[ 1298506ms] [ERROR] Failed to load resource: net::ERR_BLOCKED_BY_CLIENT @ https://collector.github.com/github/collect:0
[ 1305036ms] [ERROR] Failed to load resource: net::ERR_BLOCKED_BY_CLIENT @ https://collector.github.com/github/collect:0
[ 1305173ms] [ERROR] Failed to load resource: net::ERR_BLOCKED_BY_CLIENT @ https://collector.github.com/github/collect:0
[ 1305257ms] [ERROR] Failed to load resource: net::ERR_BLOCKED_BY_CLIENT @ https://collector.github.com/github/collect:0
[ 1305538ms] [ERROR] Failed to load resource: net::ERR_BLOCKED_BY_CLIENT @ https://collector.github.com/github/collect:0
[ 1305659ms] [ERROR] Failed to load resource: net::ERR_BLOCKED_BY_CLIENT @ https://collector.github.com/github/collect:0
[ 1305971ms] [ERROR] Failed to load resource: net::ERR_BLOCKED_BY_CLIENT @ https://collector.github.com/github/collect:0
[ 1324858ms] [ERROR] Failed to load resource: net::ERR_BLOCKED_BY_CLIENT @ https://collector.github.com/github/collect:0
[ 1341403ms] [ERROR] Failed to load resource: net::ERR_BLOCKED_BY_CLIENT @ https://collector.github.com/github/collect:0
[ 1344229ms] [ERROR] Failed to load resource: net::ERR_BLOCKED_BY_CLIENT @ https://collector.github.com/github/collect:0
[ 1344885ms] [ERROR] Failed to load resource: net::ERR_BLOCKED_BY_CLIENT @ https://collector.github.com/github/collect:0
[ 1347429ms] [ERROR] Failed to load resource: net::ERR_BLOCKED_BY_CLIENT @ https://collector.github.com/github/collect:0
[ 1350361ms] [ERROR] Failed to load resource: net::ERR_BLOCKED_BY_CLIENT @ https://collector.github.com/github/collect:0
[ 1352342ms] [ERROR] Failed to load resource: net::ERR_BLOCKED_BY_CLIENT @ https://collector.github.com/github/collect:0
[ 1352756ms] [ERROR] Failed to load resource: net::ERR_BLOCKED_BY_CLIENT @ https://collector.github.com/github/collect:0
[ 1355380ms] [ERROR] Failed to load resource: net::ERR_BLOCKED_BY_CLIENT @ https://collector.github.com/github/collect:0
[ 1355442ms] [ERROR] Failed to load resource: net::ERR_BLOCKED_BY_CLIENT @ https://collector.github.com/github/collect:0
[ 1355876ms] [ERROR] Failed to load resource: net::ERR_BLOCKED_BY_CLIENT @ https://collector.github.com/github/collect:0
[ 1356344ms] [ERROR] Failed to load resource: net::ERR_BLOCKED_BY_CLIENT @ https://collector.github.com/github/collect:0
[ 1356463ms] [ERROR] Failed to load resource: net::ERR_BLOCKED_BY_CLIENT @ https://collector.github.com/github/collect:0
[ 1356770ms] [ERROR] Failed to load resource: net::ERR_BLOCKED_BY_CLIENT @ https://collector.github.com/github/collect:0
[ 1356831ms] [ERROR] Failed to load resource: net::ERR_BLOCKED_BY_CLIENT @ https://collector.github.com/github/collect:0
[ 1357438ms] [ERROR] Failed to load resource: net::ERR_BLOCKED_BY_CLIENT @ https://collector.github.com/github/collect:0
[ 1357881ms] [ERROR] Failed to load resource: net::ERR_BLOCKED_BY_CLIENT @ https://collector.github.com/github/collect:0
[ 1358301ms] [ERROR] Failed to load resource: net::ERR_BLOCKED_BY_CLIENT @ https://collector.github.com/github/collect:0
[ 1359810ms] [ERROR] Failed to load resource: net::ERR_BLOCKED_BY_CLIENT @ https://collector.github.com/github/collect:0
[ 1360312ms] [ERROR] Failed to load resource: net::ERR_BLOCKED_BY_CLIENT @ https://collector.github.com/github/collect:0
[ 1360486ms] [ERROR] Failed to load resource: net::ERR_BLOCKED_BY_CLIENT @ https://collector.github.com/github/collect:0
[ 1360639ms] [ERROR] Failed to load resource: net::ERR_BLOCKED_BY_CLIENT @ https://collector.github.com/github/collect:0
[ 1360897ms] [ERROR] Failed to load resource: net::ERR_BLOCKED_BY_CLIENT @ https://collector.github.com/github/collect:0
[ 1361803ms] [ERROR] Failed to load resource: net::ERR_BLOCKED_BY_CLIENT @ https://collector.github.com/github/collect:0
[ 1362237ms] [ERROR] Failed to load resource: net::ERR_BLOCKED_BY_CLIENT @ https://collector.github.com/github/collect:0
[ 1362598ms] [ERROR] Failed to load resource: net::ERR_BLOCKED_BY_CLIENT @ https://collector.github.com/github/collect:0
[ 1362763ms] [ERROR] Failed to load resource: net::ERR_BLOCKED_BY_CLIENT @ https://collector.github.com/github/collect:0
[ 1362885ms] [ERROR] Failed to load resource: net::ERR_BLOCKED_BY_CLIENT @ https://collector.github.com/github/collect:0
[ 1362950ms] [ERROR] Failed to load resource: net::ERR_BLOCKED_BY_CLIENT @ https://collector.github.com/github/collect:0
[ 1363044ms] [ERROR] Failed to load resource: net::ERR_BLOCKED_BY_CLIENT @ https://collector.github.com/github/collect:0
[ 1363176ms] [ERROR] Failed to load resource: net::ERR_BLOCKED_BY_CLIENT @ https://collector.github.com/github/collect:0
[ 1363362ms] [ERROR] Failed to load resource: net::ERR_BLOCKED_BY_CLIENT @ https://collector.github.com/github/collect:0
[ 1363474ms] [ERROR] Failed to load resource: net::ERR_BLOCKED_BY_CLIENT @ https://collector.github.com/github/collect:0
[ 1363581ms] [ERROR] Failed to load resource: net::ERR_BLOCKED_BY_CLIENT @ https://collector.github.com/github/collect:0
[ 1363708ms] [ERROR] Failed to load resource: net::ERR_BLOCKED_BY_CLIENT @ https://collector.github.com/github/collect:0
[ 1363799ms] [ERROR] Failed to load resource: net::ERR_BLOCKED_BY_CLIENT @ https://collector.github.com/github/collect:0
[ 1363840ms] [ERROR] Failed to load resource: net::ERR_BLOCKED_BY_CLIENT @ https://collector.github.com/github/collect:0
[ 1363856ms] [ERROR] Failed to load resource: net::ERR_BLOCKED_BY_CLIENT @ https://collector.github.com/github/collect:0
[ 1363872ms] [ERROR] Failed to load resource: net::ERR_BLOCKED_BY_CLIENT @ https://collector.github.com/github/collect:0
[ 1364224ms] [ERROR] Failed to load resource: net::ERR_BLOCKED_BY_CLIENT @ https://collector.github.com/github/collect:0
[ 1364256ms] [ERROR] Failed to load resource: net::ERR_BLOCKED_BY_CLIENT @ https://collector.github.com/github/collect:0
[ 1364425ms] [ERROR] Failed to load resource: net::ERR_BLOCKED_BY_CLIENT @ https://collector.github.com/github/collect:0
[ 1364641ms] [ERROR] Failed to load resource: net::ERR_BLOCKED_BY_CLIENT @ https://collector.github.com/github/collect:0
[ 1364957ms] [ERROR] Failed to load resource: net::ERR_BLOCKED_BY_CLIENT @ https://collector.github.com/github/collect:0
[ 1364975ms] [ERROR] Failed to load resource: net::ERR_BLOCKED_BY_CLIENT @ https://collector.github.com/github/collect:0
[ 1364990ms] [ERROR] Failed to load resource: net::ERR_BLOCKED_BY_CLIENT @ https://collector.github.com/github/collect:0
[ 1365541ms] [ERROR] Failed to load resource: net::ERR_BLOCKED_BY_CLIENT @ https://collector.github.com/github/collect:0
[ 1365589ms] [ERROR] Failed to load resource: net::ERR_BLOCKED_BY_CLIENT @ https://collector.github.com/github/collect:0
[ 1366008ms] [ERROR] Failed to load resource: net::ERR_BLOCKED_BY_CLIENT @ https://collector.github.com/github/collect:0
[ 1366222ms] [ERROR] Failed to load resource: net::ERR_BLOCKED_BY_CLIENT @ https://collector.github.com/github/collect:0
[ 1366387ms] [ERROR] Failed to load resource: net::ERR_BLOCKED_BY_CLIENT @ https://collector.github.com/github/collect:0
[ 1366829ms] [ERROR] Failed to load resource: net::ERR_BLOCKED_BY_CLIENT @ https://collector.github.com/github/collect:0
[ 1367040ms] [ERROR] Failed to load resource: net::ERR_BLOCKED_BY_CLIENT @ https://collector.github.com/github/collect:0
[ 1367059ms] [ERROR] Failed to load resource: net::ERR_BLOCKED_BY_CLIENT @ https://collector.github.com/github/collect:0
[ 1367073ms] [ERROR] Failed to load resource: net::ERR_BLOCKED_BY_CLIENT @ https://collector.github.com/github/collect:0
[ 1367331ms] [ERROR] Failed to load resource: net::ERR_BLOCKED_BY_CLIENT @ https://collector.github.com/github/collect:0
[ 1367586ms] [ERROR] Failed to load resource: net::ERR_BLOCKED_BY_CLIENT @ https://collector.github.com/github/collect:0
[ 1367621ms] [ERROR] Failed to load resource: net::ERR_BLOCKED_BY_CLIENT @ https://collector.github.com/github/collect:0
[ 1367905ms] [ERROR] Failed to load resource: net::ERR_BLOCKED_BY_CLIENT @ https://collector.github.com/github/collect:0
[ 1368153ms] [ERROR] Failed to load resource: net::ERR_BLOCKED_BY_CLIENT @ https://collector.github.com/github/collect:0
[ 1368188ms] [ERROR] Failed to load resource: net::ERR_BLOCKED_BY_CLIENT @ https://collector.github.com/github/collect:0
[ 1368207ms] [ERROR] Failed to load resource: net::ERR_BLOCKED_BY_CLIENT @ https://collector.github.com/github/collect:0
[ 1368676ms] [ERROR] Failed to load resource: net::ERR_BLOCKED_BY_CLIENT @ https://collector.github.com/github/collect:0
[ 1368707ms] [ERROR] Failed to load resource: net::ERR_BLOCKED_BY_CLIENT @ https://collector.github.com/github/collect:0
[ 1368725ms] [ERROR] Failed to load resource: net::ERR_BLOCKED_BY_CLIENT @ https://collector.github.com/github/collect:0
[ 1369160ms] [ERROR] Failed to load resource: net::ERR_BLOCKED_BY_CLIENT @ https://collector.github.com/github/collect:0
[ 1369445ms] [ERROR] Failed to load resource: net::ERR_BLOCKED_BY_CLIENT @ https://collector.github.com/github/collect:0
[ 1369540ms] [ERROR] Failed to load resource: net::ERR_BLOCKED_BY_CLIENT @ https://collector.github.com/github/collect:0
[ 1369654ms] [ERROR] Failed to load resource: net::ERR_BLOCKED_BY_CLIENT @ https://collector.github.com/github/collect:0
[ 1369832ms] [ERROR] Failed to load resource: net::ERR_BLOCKED_BY_CLIENT @ https://collector.github.com/github/collect:0
[ 1369928ms] [ERROR] Failed to load resource: net::ERR_BLOCKED_BY_CLIENT @ https://collector.github.com/github/collect:0
[ 1370039ms] [ERROR] Failed to load resource: net::ERR_BLOCKED_BY_CLIENT @ https://collector.github.com/github/collect:0
[ 1370115ms] [ERROR] Failed to load resource: net::ERR_BLOCKED_BY_CLIENT @ https://collector.github.com/github/collect:0
[ 1370307ms] [ERROR] Failed to load resource: net::ERR_BLOCKED_BY_CLIENT @ https://collector.github.com/github/collect:0
[ 1370394ms] [ERROR] Failed to load resource: net::ERR_BLOCKED_BY_CLIENT @ https://collector.github.com/github/collect:0
[ 1370474ms] [ERROR] Failed to load resource: net::ERR_BLOCKED_BY_CLIENT @ https://collector.github.com/github/collect:0
[ 1370612ms] [ERROR] Failed to load resource: net::ERR_BLOCKED_BY_CLIENT @ https://collector.github.com/github/collect:0
[ 1370709ms] [ERROR] Failed to load resource: net::ERR_BLOCKED_BY_CLIENT @ https://collector.github.com/github/collect:0
[ 1371623ms] [ERROR] Failed to load resource: net::ERR_BLOCKED_BY_CLIENT @ https://collector.github.com/github/collect:0
[ 1371856ms] [ERROR] Failed to load resource: net::ERR_BLOCKED_BY_CLIENT @ https://collector.github.com/github/collect:0
[ 1372655ms] [ERROR] Failed to load resource: net::ERR_BLOCKED_BY_CLIENT @ https://collector.github.com/github/collect:0
[ 1373322ms] [ERROR] Failed to load resource: net::ERR_BLOCKED_BY_CLIENT @ https://collector.github.com/github/collect:0
[ 1373471ms] [ERROR] Failed to load resource: net::ERR_BLOCKED_BY_CLIENT @ https://collector.github.com/github/collect:0
[ 1373574ms] [ERROR] Failed to load resource: net::ERR_BLOCKED_BY_CLIENT @ https://collector.github.com/github/collect:0
[ 1374039ms] [ERROR] Failed to load resource: net::ERR_BLOCKED_BY_CLIENT @ https://collector.github.com/github/collect:0
[ 1374132ms] [ERROR] Failed to load resource: net::ERR_BLOCKED_BY_CLIENT @ https://collector.github.com/github/collect:0
[ 1374228ms] [ERROR] Failed to load resource: net::ERR_BLOCKED_BY_CLIENT @ https://collector.github.com/github/collect:0
[ 1374324ms] [ERROR] Failed to load resource: net::ERR_BLOCKED_BY_CLIENT @ https://collector.github.com/github/collect:0
[ 1374415ms] [ERROR] Failed to load resource: net::ERR_BLOCKED_BY_CLIENT @ https://collector.github.com/github/collect:0
[ 1374525ms] [ERROR] Failed to load resource: net::ERR_BLOCKED_BY_CLIENT @ https://collector.github.com/github/collect:0
[ 1374541ms] [ERROR] Failed to load resource: net::ERR_BLOCKED_BY_CLIENT @ https://collector.github.com/github/collect:0
[ 1374560ms] [ERROR] Failed to load resource: net::ERR_BLOCKED_BY_CLIENT @ https://collector.github.com/github/collect:0
[ 1375607ms] [ERROR] Failed to load resource: net::ERR_BLOCKED_BY_CLIENT @ https://collector.github.com/github/collect:0
[ 1375807ms] [ERROR] Failed to load resource: net::ERR_BLOCKED_BY_CLIENT @ https://collector.github.com/github/collect:0
[ 1376008ms] [ERROR] Failed to load resource: net::ERR_BLOCKED_BY_CLIENT @ https://collector.github.com/github/collect:0
[ 1376292ms] [ERROR] Failed to load resource: net::ERR_BLOCKED_BY_CLIENT @ https://collector.github.com/github/collect:0
[ 1376492ms] [ERROR] Failed to load resource: net::ERR_BLOCKED_BY_CLIENT @ https://collector.github.com/github/collect:0
[ 1377390ms] [ERROR] Failed to load resource: net::ERR_BLOCKED_BY_CLIENT @ https://collector.github.com/github/collect:0
[ 1377762ms] [ERROR] Failed to load resource: net::ERR_BLOCKED_BY_CLIENT @ https://collector.github.com/github/collect:0
[ 1377961ms] [ERROR] Failed to load resource: net::ERR_BLOCKED_BY_CLIENT @ https://collector.github.com/github/collect:0
[ 1378110ms] [ERROR] Failed to load resource: net::ERR_BLOCKED_BY_CLIENT @ https://collector.github.com/github/collect:0
[ 1378208ms] [ERROR] Failed to load resource: net::ERR_BLOCKED_BY_CLIENT @ https://collector.github.com/github/collect:0
[ 1378291ms] [ERROR] Failed to load resource: net::ERR_BLOCKED_BY_CLIENT @ https://collector.github.com/github/collect:0
[ 1378726ms] [ERROR] Failed to load resource: net::ERR_BLOCKED_BY_CLIENT @ https://collector.github.com/github/collect:0
[ 1379093ms] [ERROR] Failed to load resource: net::ERR_BLOCKED_BY_CLIENT @ https://collector.github.com/github/collect:0
[ 1379143ms] [ERROR] Failed to load resource: net::ERR_BLOCKED_BY_CLIENT @ https://collector.github.com/github/collect:0
[ 1379709ms] [ERROR] Failed to load resource: net::ERR_BLOCKED_BY_CLIENT @ https://collector.github.com/github/collect:0
[ 1379996ms] [ERROR] Failed to load resource: net::ERR_BLOCKED_BY_CLIENT @ https://collector.github.com/github/collect:0
[ 1380091ms] [ERROR] Failed to load resource: net::ERR_BLOCKED_BY_CLIENT @ https://collector.github.com/github/collect:0
[ 1380226ms] [ERROR] Failed to load resource: net::ERR_BLOCKED_BY_CLIENT @ https://collector.github.com/github/collect:0
[ 1380313ms] [ERROR] Failed to load resource: net::ERR_BLOCKED_BY_CLIENT @ https://collector.github.com/github/collect:0
[ 1380411ms] [ERROR] Failed to load resource: net::ERR_BLOCKED_BY_CLIENT @ https://collector.github.com/github/collect:0
[ 1380509ms] [ERROR] Failed to load resource: net::ERR_BLOCKED_BY_CLIENT @ https://collector.github.com/github/collect:0
[ 1380609ms] [ERROR] Failed to load resource: net::ERR_BLOCKED_BY_CLIENT @ https://collector.github.com/github/collect:0
[ 1380697ms] [ERROR] Failed to load resource: net::ERR_BLOCKED_BY_CLIENT @ https://collector.github.com/github/collect:0
[ 1380794ms] [ERROR] Failed to load resource: net::ERR_BLOCKED_BY_CLIENT @ https://collector.github.com/github/collect:0
[ 1380893ms] [ERROR] Failed to load resource: net::ERR_BLOCKED_BY_CLIENT @ https://collector.github.com/github/collect:0
[ 1380978ms] [ERROR] Failed to load resource: net::ERR_BLOCKED_BY_CLIENT @ https://collector.github.com/github/collect:0
[ 1381074ms] [ERROR] Failed to load resource: net::ERR_BLOCKED_BY_CLIENT @ https://collector.github.com/github/collect:0
[ 1381161ms] [ERROR] Failed to load resource: net::ERR_BLOCKED_BY_CLIENT @ https://collector.github.com/github/collect:0
[ 1381256ms] [ERROR] Failed to load resource: net::ERR_BLOCKED_BY_CLIENT @ https://collector.github.com/github/collect:0
[ 1381343ms] [ERROR] Failed to load resource: net::ERR_BLOCKED_BY_CLIENT @ https://collector.github.com/github/collect:0
[ 1381373ms] [ERROR] Failed to load resource: net::ERR_BLOCKED_BY_CLIENT @ https://collector.github.com/github/collect:0
[ 1381390ms] [ERROR] Failed to load resource: net::ERR_BLOCKED_BY_CLIENT @ https://collector.github.com/github/collect:0
[ 1381406ms] [ERROR] Failed to load resource: net::ERR_BLOCKED_BY_CLIENT @ https://collector.github.com/github/collect:0
[ 1381776ms] [ERROR] Failed to load resource: net::ERR_BLOCKED_BY_CLIENT @ https://collector.github.com/github/collect:0
[ 1382208ms] [ERROR] Failed to load resource: net::ERR_BLOCKED_BY_CLIENT @ https://collector.github.com/github/collect:0
[ 1382226ms] [ERROR] Failed to load resource: net::ERR_BLOCKED_BY_CLIENT @ https://collector.github.com/github/collect:0
[ 1383540ms] [ERROR] Failed to load resource: net::ERR_BLOCKED_BY_CLIENT @ https://collector.github.com/github/collect:0
[ 1383588ms] [ERROR] Failed to load resource: net::ERR_BLOCKED_BY_CLIENT @ https://collector.github.com/github/collect:0
[ 1384637ms] [ERROR] Failed to load resource: net::ERR_BLOCKED_BY_CLIENT @ https://collector.github.com/github/collect:0
[ 1385148ms] [ERROR] Failed to load resource: net::ERR_BLOCKED_BY_CLIENT @ https://collector.github.com/github/collect:0
[ 1385631ms] [ERROR] Failed to load resource: net::ERR_BLOCKED_BY_CLIENT @ https://collector.github.com/github/collect:0
[ 1386013ms] [ERROR] Failed to load resource: net::ERR_BLOCKED_BY_CLIENT @ https://collector.github.com/github/collect:0
[ 1389078ms] [ERROR] Failed to load resource: net::ERR_BLOCKED_BY_CLIENT @ https://collector.github.com/github/collect:0
[ 1389164ms] [ERROR] Failed to load resource: net::ERR_BLOCKED_BY_CLIENT @ https://collector.github.com/github/collect:0
[ 1389252ms] [ERROR] Failed to load resource: net::ERR_BLOCKED_BY_CLIENT @ https://collector.github.com/github/collect:0
[ 1389338ms] [ERROR] Failed to load resource: net::ERR_BLOCKED_BY_CLIENT @ https://collector.github.com/github/collect:0
[ 1389425ms] [ERROR] Failed to load resource: net::ERR_BLOCKED_BY_CLIENT @ https://collector.github.com/github/collect:0
[ 1389514ms] [ERROR] Failed to load resource: net::ERR_BLOCKED_BY_CLIENT @ https://collector.github.com/github/collect:0
[ 1389604ms] [ERROR] Failed to load resource: net::ERR_BLOCKED_BY_CLIENT @ https://collector.github.com/github/collect:0
[ 1389692ms] [ERROR] Failed to load resource: net::ERR_BLOCKED_BY_CLIENT @ https://collector.github.com/github/collect:0
[ 1389781ms] [ERROR] Failed to load resource: net::ERR_BLOCKED_BY_CLIENT @ https://collector.github.com/github/collect:0
[ 1389861ms] [ERROR] Failed to load resource: net::ERR_BLOCKED_BY_CLIENT @ https://collector.github.com/github/collect:0
[ 1389956ms] [ERROR] Failed to load resource: net::ERR_BLOCKED_BY_CLIENT @ https://collector.github.com/github/collect:0
[ 1390043ms] [ERROR] Failed to load resource: net::ERR_BLOCKED_BY_CLIENT @ https://collector.github.com/github/collect:0
[ 1390126ms] [ERROR] Failed to load resource: net::ERR_BLOCKED_BY_CLIENT @ https://collector.github.com/github/collect:0
[ 1390214ms] [ERROR] Failed to load resource: net::ERR_BLOCKED_BY_CLIENT @ https://collector.github.com/github/collect:0
[ 1390307ms] [ERROR] Failed to load resource: net::ERR_BLOCKED_BY_CLIENT @ https://collector.github.com/github/collect:0
[ 1390394ms] [ERROR] Failed to load resource: net::ERR_BLOCKED_BY_CLIENT @ https://collector.github.com/github/collect:0
[ 1390487ms] [ERROR] Failed to load resource: net::ERR_BLOCKED_BY_CLIENT @ https://collector.github.com/github/collect:0
[ 1390577ms] [ERROR] Failed to load resource: net::ERR_BLOCKED_BY_CLIENT @ https://collector.github.com/github/collect:0
[ 1390671ms] [ERROR] Failed to load resource: net::ERR_BLOCKED_BY_CLIENT @ https://collector.github.com/github/collect:0
[ 1390762ms] [ERROR] Failed to load resource: net::ERR_BLOCKED_BY_CLIENT @ https://collector.github.com/github/collect:0
[ 1390847ms] [ERROR] Failed to load resource: net::ERR_BLOCKED_BY_CLIENT @ https://collector.github.com/github/collect:0
[ 1390942ms] [ERROR] Failed to load resource: net::ERR_BLOCKED_BY_CLIENT @ https://collector.github.com/github/collect:0
[ 1391028ms] [ERROR] Failed to load resource: net::ERR_BLOCKED_BY_CLIENT @ https://collector.github.com/github/collect:0
[ 1391125ms] [ERROR] Failed to load resource: net::ERR_BLOCKED_BY_CLIENT @ https://collector.github.com/github/collect:0
[ 1391210ms] [ERROR] Failed to load resource: net::ERR_BLOCKED_BY_CLIENT @ https://collector.github.com/github/collect:0
[ 1391296ms] [ERROR] Failed to load resource: net::ERR_BLOCKED_BY_CLIENT @ https://collector.github.com/github/collect:0
[ 1391389ms] [ERROR] Failed to load resource: net::ERR_BLOCKED_BY_CLIENT @ https://collector.github.com/github/collect:0
[ 1391477ms] [ERROR] Failed to load resource: net::ERR_BLOCKED_BY_CLIENT @ https://collector.github.com/github/collect:0
[ 1391554ms] [ERROR] Failed to load resource: net::ERR_BLOCKED_BY_CLIENT @ https://collector.github.com/github/collect:0
[ 1391631ms] [ERROR] Failed to load resource: net::ERR_BLOCKED_BY_CLIENT @ https://collector.github.com/github/collect:0
[ 1391724ms] [ERROR] Failed to load resource: net::ERR_BLOCKED_BY_CLIENT @ https://collector.github.com/github/collect:0
[ 1391794ms] [ERROR] Failed to load resource: net::ERR_BLOCKED_BY_CLIENT @ https://collector.github.com/github/collect:0
[ 1391908ms] [ERROR] Failed to load resource: net::ERR_BLOCKED_BY_CLIENT @ https://collector.github.com/github/collect:0
[ 1391978ms] [ERROR] Failed to load resource: net::ERR_BLOCKED_BY_CLIENT @ https://collector.github.com/github/collect:0
[ 1392046ms] [ERROR] Failed to load resource: net::ERR_BLOCKED_BY_CLIENT @ https://collector.github.com/github/collect:0
[ 1392122ms] [ERROR] Failed to load resource: net::ERR_BLOCKED_BY_CLIENT @ https://collector.github.com/github/collect:0
[ 1392190ms] [ERROR] Failed to load resource: net::ERR_BLOCKED_BY_CLIENT @ https://collector.github.com/github/collect:0
[ 1392276ms] [ERROR] Failed to load resource: net::ERR_BLOCKED_BY_CLIENT @ https://collector.github.com/github/collect:0
[ 1392311ms] [ERROR] Failed to load resource: net::ERR_BLOCKED_BY_CLIENT @ https://collector.github.com/github/collect:0
[ 1392393ms] [ERROR] Failed to load resource: net::ERR_BLOCKED_BY_CLIENT @ https://collector.github.com/github/collect:0
[ 1392474ms] [ERROR] Failed to load resource: net::ERR_BLOCKED_BY_CLIENT @ https://collector.github.com/github/collect:0
[ 1392691ms] [ERROR] Failed to load resource: net::ERR_BLOCKED_BY_CLIENT @ https://collector.github.com/github/collect:0
[ 1392792ms] [ERROR] Failed to load resource: net::ERR_BLOCKED_BY_CLIENT @ https://collector.github.com/github/collect:0
[ 1392885ms] [ERROR] Failed to load resource: net::ERR_BLOCKED_BY_CLIENT @ https://collector.github.com/github/collect:0
[ 1392976ms] [ERROR] Failed to load resource: net::ERR_BLOCKED_BY_CLIENT @ https://collector.github.com/github/collect:0
[ 1393045ms] [ERROR] Failed to load resource: net::ERR_BLOCKED_BY_CLIENT @ https://collector.github.com/github/collect:0
[ 1393142ms] [ERROR] Failed to load resource: net::ERR_BLOCKED_BY_CLIENT @ https://collector.github.com/github/collect:0
[ 1393242ms] [ERROR] Failed to load resource: net::ERR_BLOCKED_BY_CLIENT @ https://collector.github.com/github/collect:0
[ 1393327ms] [ERROR] Failed to load resource: net::ERR_BLOCKED_BY_CLIENT @ https://collector.github.com/github/collect:0
[ 1393429ms] [ERROR] Failed to load resource: net::ERR_BLOCKED_BY_CLIENT @ https://collector.github.com/github/collect:0
[ 1393532ms] [ERROR] Failed to load resource: net::ERR_BLOCKED_BY_CLIENT @ https://collector.github.com/github/collect:0
[ 1393732ms] [ERROR] Failed to load resource: net::ERR_BLOCKED_BY_CLIENT @ https://collector.github.com/github/collect:0
[ 1393829ms] [ERROR] Failed to load resource: net::ERR_BLOCKED_BY_CLIENT @ https://collector.github.com/github/collect:0
[ 1394012ms] [ERROR] Failed to load resource: net::ERR_BLOCKED_BY_CLIENT @ https://collector.github.com/github/collect:0
[ 1394107ms] [ERROR] Failed to load resource: net::ERR_BLOCKED_BY_CLIENT @ https://collector.github.com/github/collect:0
[ 1394314ms] [ERROR] Failed to load resource: net::ERR_BLOCKED_BY_CLIENT @ https://collector.github.com/github/collect:0
[ 1394392ms] [ERROR] Failed to load resource: net::ERR_BLOCKED_BY_CLIENT @ https://collector.github.com/github/collect:0
[ 1394580ms] [ERROR] Failed to load resource: net::ERR_BLOCKED_BY_CLIENT @ https://collector.github.com/github/collect:0
[ 1394692ms] [ERROR] Failed to load resource: net::ERR_BLOCKED_BY_CLIENT @ https://collector.github.com/github/collect:0
[ 1394962ms] [ERROR] Failed to load resource: net::ERR_BLOCKED_BY_CLIENT @ https://collector.github.com/github/collect:0
[ 1395061ms] [ERROR] Failed to load resource: net::ERR_BLOCKED_BY_CLIENT @ https://collector.github.com/github/collect:0
[ 1395158ms] [ERROR] Failed to load resource: net::ERR_BLOCKED_BY_CLIENT @ https://collector.github.com/github/collect:0
[ 1395247ms] [ERROR] Failed to load resource: net::ERR_BLOCKED_BY_CLIENT @ https://collector.github.com/github/collect:0
[ 1395347ms] [ERROR] Failed to load resource: net::ERR_BLOCKED_BY_CLIENT @ https://collector.github.com/github/collect:0
[ 1395429ms] [ERROR] Failed to load resource: net::ERR_BLOCKED_BY_CLIENT @ https://collector.github.com/github/collect:0
[ 1395512ms] [ERROR] Failed to load resource: net::ERR_BLOCKED_BY_CLIENT @ https://collector.github.com/github/collect:0
[ 1395578ms] [ERROR] Failed to load resource: net::ERR_BLOCKED_BY_CLIENT @ https://collector.github.com/github/collect:0
[ 1395660ms] [ERROR] Failed to load resource: net::ERR_BLOCKED_BY_CLIENT @ https://collector.github.com/github/collect:0
[ 1395745ms] [ERROR] Failed to load resource: net::ERR_BLOCKED_BY_CLIENT @ https://collector.github.com/github/collect:0
[ 1395843ms] [ERROR] Failed to load resource: net::ERR_BLOCKED_BY_CLIENT @ https://collector.github.com/github/collect:0
[ 1396026ms] [ERROR] Failed to load resource: net::ERR_BLOCKED_BY_CLIENT @ https://collector.github.com/github/collect:0
[ 1396140ms] [ERROR] Failed to load resource: net::ERR_BLOCKED_BY_CLIENT @ https://collector.github.com/github/collect:0
[ 1396215ms] [ERROR] Failed to load resource: net::ERR_BLOCKED_BY_CLIENT @ https://collector.github.com/github/collect:0
[ 1396311ms] [ERROR] Failed to load resource: net::ERR_BLOCKED_BY_CLIENT @ https://collector.github.com/github/collect:0
[ 1396595ms] [ERROR] Failed to load resource: net::ERR_BLOCKED_BY_CLIENT @ https://collector.github.com/github/collect:0
[ 1396696ms] [ERROR] Failed to load resource: net::ERR_BLOCKED_BY_CLIENT @ https://collector.github.com/github/collect:0
[ 1396793ms] [ERROR] Failed to load resource: net::ERR_BLOCKED_BY_CLIENT @ https://collector.github.com/github/collect:0
[ 1396906ms] [ERROR] Failed to load resource: net::ERR_BLOCKED_BY_CLIENT @ https://collector.github.com/github/collect:0
[ 1396978ms] [ERROR] Failed to load resource: net::ERR_BLOCKED_BY_CLIENT @ https://collector.github.com/github/collect:0
[ 1397061ms] [ERROR] Failed to load resource: net::ERR_BLOCKED_BY_CLIENT @ https://collector.github.com/github/collect:0
[ 1397164ms] [ERROR] Failed to load resource: net::ERR_BLOCKED_BY_CLIENT @ https://collector.github.com/github/collect:0
[ 1397243ms] [ERROR] Failed to load resource: net::ERR_BLOCKED_BY_CLIENT @ https://collector.github.com/github/collect:0
[ 1397427ms] [ERROR] Failed to load resource: net::ERR_BLOCKED_BY_CLIENT @ https://collector.github.com/github/collect:0
[ 1397610ms] [ERROR] Failed to load resource: net::ERR_BLOCKED_BY_CLIENT @ https://collector.github.com/github/collect:0
[ 1397793ms] [ERROR] Failed to load resource: net::ERR_BLOCKED_BY_CLIENT @ https://collector.github.com/github/collect:0
[ 1397897ms] [ERROR] Failed to load resource: net::ERR_BLOCKED_BY_CLIENT @ https://collector.github.com/github/collect:0
[ 1397974ms] [ERROR] Failed to load resource: net::ERR_BLOCKED_BY_CLIENT @ https://collector.github.com/github/collect:0
[ 1398060ms] [ERROR] Failed to load resource: net::ERR_BLOCKED_BY_CLIENT @ https://collector.github.com/github/collect:0
[ 1398142ms] [ERROR] Failed to load resource: net::ERR_BLOCKED_BY_CLIENT @ https://collector.github.com/github/collect:0
[ 1398227ms] [ERROR] Failed to load resource: net::ERR_BLOCKED_BY_CLIENT @ https://collector.github.com/github/collect:0
[ 1398315ms] [ERROR] Failed to load resource: net::ERR_BLOCKED_BY_CLIENT @ https://collector.github.com/github/collect:0
[ 1398423ms] [ERROR] Failed to load resource: net::ERR_BLOCKED_BY_CLIENT @ https://collector.github.com/github/collect:0
[ 1398494ms] [ERROR] Failed to load resource: net::ERR_BLOCKED_BY_CLIENT @ https://collector.github.com/github/collect:0
[ 1398677ms] [ERROR] Failed to load resource: net::ERR_BLOCKED_BY_CLIENT @ https://collector.github.com/github/collect:0
[ 1398860ms] [ERROR] Failed to load resource: net::ERR_BLOCKED_BY_CLIENT @ https://collector.github.com/github/collect:0
[ 1399043ms] [ERROR] Failed to load resource: net::ERR_BLOCKED_BY_CLIENT @ https://collector.github.com/github/collect:0
[ 1399226ms] [ERROR] Failed to load resource: net::ERR_BLOCKED_BY_CLIENT @ https://collector.github.com/github/collect:0
[ 1399313ms] [ERROR] Failed to load resource: net::ERR_BLOCKED_BY_CLIENT @ https://collector.github.com/github/collect:0
[ 1399410ms] [ERROR] Failed to load resource: net::ERR_BLOCKED_BY_CLIENT @ https://collector.github.com/github/collect:0
[ 1399497ms] [ERROR] Failed to load resource: net::ERR_BLOCKED_BY_CLIENT @ https://collector.github.com/github/collect:0
[ 1399677ms] [ERROR] Failed to load resource: net::ERR_BLOCKED_BY_CLIENT @ https://collector.github.com/github/collect:0
[ 1399863ms] [ERROR] Failed to load resource: net::ERR_BLOCKED_BY_CLIENT @ https://collector.github.com/github/collect:0
[ 1399949ms] [ERROR] Failed to load resource: net::ERR_BLOCKED_BY_CLIENT @ https://collector.github.com/github/collect:0
[ 1400039ms] [ERROR] Failed to load resource: net::ERR_BLOCKED_BY_CLIENT @ https://collector.github.com/github/collect:0
[ 1400215ms] [ERROR] Failed to load resource: net::ERR_BLOCKED_BY_CLIENT @ https://collector.github.com/github/collect:0
[ 1400298ms] [ERROR] Failed to load resource: net::ERR_BLOCKED_BY_CLIENT @ https://collector.github.com/github/collect:0
[ 1400461ms] [ERROR] Failed to load resource: net::ERR_BLOCKED_BY_CLIENT @ https://collector.github.com/github/collect:0
[ 1400640ms] [ERROR] Failed to load resource: net::ERR_BLOCKED_BY_CLIENT @ https://collector.github.com/github/collect:0
[ 1400727ms] [ERROR] Failed to load resource: net::ERR_BLOCKED_BY_CLIENT @ https://collector.github.com/github/collect:0
[ 1400909ms] [ERROR] Failed to load resource: net::ERR_BLOCKED_BY_CLIENT @ https://collector.github.com/github/collect:0
[ 1400996ms] [ERROR] Failed to load resource: net::ERR_BLOCKED_BY_CLIENT @ https://collector.github.com/github/collect:0
[ 1401177ms] [ERROR] Failed to load resource: net::ERR_BLOCKED_BY_CLIENT @ https://collector.github.com/github/collect:0
[ 1401264ms] [ERROR] Failed to load resource: net::ERR_BLOCKED_BY_CLIENT @ https://collector.github.com/github/collect:0
[ 1401374ms] [ERROR] Failed to load resource: net::ERR_BLOCKED_BY_CLIENT @ https://collector.github.com/github/collect:0
[ 1401444ms] [ERROR] Failed to load resource: net::ERR_BLOCKED_BY_CLIENT @ https://collector.github.com/github/collect:0
[ 1401532ms] [ERROR] Failed to load resource: net::ERR_BLOCKED_BY_CLIENT @ https://collector.github.com/github/collect:0
[ 1401641ms] [ERROR] Failed to load resource: net::ERR_BLOCKED_BY_CLIENT @ https://collector.github.com/github/collect:0
[ 1401709ms] [ERROR] Failed to load resource: net::ERR_BLOCKED_BY_CLIENT @ https://collector.github.com/github/collect:0
[ 1401798ms] [ERROR] Failed to load resource: net::ERR_BLOCKED_BY_CLIENT @ https://collector.github.com/github/collect:0
[ 1401978ms] [ERROR] Failed to load resource: net::ERR_BLOCKED_BY_CLIENT @ https://collector.github.com/github/collect:0
[ 1402060ms] [ERROR] Failed to load resource: net::ERR_BLOCKED_BY_CLIENT @ https://collector.github.com/github/collect:0
[ 1402241ms] [ERROR] Failed to load resource: net::ERR_BLOCKED_BY_CLIENT @ https://collector.github.com/github/collect:0
[ 1402328ms] [ERROR] Failed to load resource: net::ERR_BLOCKED_BY_CLIENT @ https://collector.github.com/github/collect:0
[ 1402410ms] [ERROR] Failed to load resource: net::ERR_BLOCKED_BY_CLIENT @ https://collector.github.com/github/collect:0
[ 1402498ms] [ERROR] Failed to load resource: net::ERR_BLOCKED_BY_CLIENT @ https://collector.github.com/github/collect:0
[ 1402607ms] [ERROR] Failed to load resource: net::ERR_BLOCKED_BY_CLIENT @ https://collector.github.com/github/collect:0
[ 1402673ms] [ERROR] Failed to load resource: net::ERR_BLOCKED_BY_CLIENT @ https://collector.github.com/github/collect:0
[ 1402761ms] [ERROR] Failed to load resource: net::ERR_BLOCKED_BY_CLIENT @ https://collector.github.com/github/collect:0
[ 1402845ms] [ERROR] Failed to load resource: net::ERR_BLOCKED_BY_CLIENT @ https://collector.github.com/github/collect:0
[ 1402931ms] [ERROR] Failed to load resource: net::ERR_BLOCKED_BY_CLIENT @ https://collector.github.com/github/collect:0
[ 1403445ms] [ERROR] Failed to load resource: net::ERR_BLOCKED_BY_CLIENT @ https://collector.github.com/github/collect:0
[ 1403528ms] [ERROR] Failed to load resource: net::ERR_BLOCKED_BY_CLIENT @ https://collector.github.com/github/collect:0
[ 1403610ms] [ERROR] Failed to load resource: net::ERR_BLOCKED_BY_CLIENT @ https://collector.github.com/github/collect:0
[ 1403690ms] [ERROR] Failed to load resource: net::ERR_BLOCKED_BY_CLIENT @ https://collector.github.com/github/collect:0
[ 1403788ms] [ERROR] Failed to load resource: net::ERR_BLOCKED_BY_CLIENT @ https://collector.github.com/github/collect:0
[ 1403876ms] [ERROR] Failed to load resource: net::ERR_BLOCKED_BY_CLIENT @ https://collector.github.com/github/collect:0
[ 1404198ms] [ERROR] Failed to load resource: net::ERR_BLOCKED_BY_CLIENT @ https://collector.github.com/github/collect:0
[ 1404264ms] [ERROR] Failed to load resource: net::ERR_BLOCKED_BY_CLIENT @ https://collector.github.com/github/collect:0
[ 1404349ms] [ERROR] Failed to load resource: net::ERR_BLOCKED_BY_CLIENT @ https://collector.github.com/github/collect:0
[ 1404432ms] [ERROR] Failed to load resource: net::ERR_BLOCKED_BY_CLIENT @ https://collector.github.com/github/collect:0
[ 1404530ms] [ERROR] Failed to load resource: net::ERR_BLOCKED_BY_CLIENT @ https://collector.github.com/github/collect:0
[ 1404598ms] [ERROR] Failed to load resource: net::ERR_BLOCKED_BY_CLIENT @ https://collector.github.com/github/collect:0
[ 1404681ms] [ERROR] Failed to load resource: net::ERR_BLOCKED_BY_CLIENT @ https://collector.github.com/github/collect:0
[ 1404764ms] [ERROR] Failed to load resource: net::ERR_BLOCKED_BY_CLIENT @ https://collector.github.com/github/collect:0
[ 1404865ms] [ERROR] Failed to load resource: net::ERR_BLOCKED_BY_CLIENT @ https://collector.github.com/github/collect:0
[ 1404946ms] [ERROR] Failed to load resource: net::ERR_BLOCKED_BY_CLIENT @ https://collector.github.com/github/collect:0
[ 1405113ms] [ERROR] Failed to load resource: net::ERR_BLOCKED_BY_CLIENT @ https://collector.github.com/github/collect:0
[ 1405180ms] [ERROR] Failed to load resource: net::ERR_BLOCKED_BY_CLIENT @ https://collector.github.com/github/collect:0
[ 1405448ms] [ERROR] Failed to load resource: net::ERR_BLOCKED_BY_CLIENT @ https://collector.github.com/github/collect:0
[ 1405514ms] [ERROR] Failed to load resource: net::ERR_BLOCKED_BY_CLIENT @ https://collector.github.com/github/collect:0
[ 1405599ms] [ERROR] Failed to load resource: net::ERR_BLOCKED_BY_CLIENT @ https://collector.github.com/github/collect:0
[ 1405679ms] [ERROR] Failed to load resource: net::ERR_BLOCKED_BY_CLIENT @ https://collector.github.com/github/collect:0
[ 1405760ms] [ERROR] Failed to load resource: net::ERR_BLOCKED_BY_CLIENT @ https://collector.github.com/github/collect:0
[ 1405842ms] [ERROR] Failed to load resource: net::ERR_BLOCKED_BY_CLIENT @ https://collector.github.com/github/collect:0
[ 1405923ms] [ERROR] Failed to load resource: net::ERR_BLOCKED_BY_CLIENT @ https://collector.github.com/github/collect:0
[ 1406006ms] [ERROR] Failed to load resource: net::ERR_BLOCKED_BY_CLIENT @ https://collector.github.com/github/collect:0
[ 1406180ms] [ERROR] Failed to load resource: net::ERR_BLOCKED_BY_CLIENT @ https://collector.github.com/github/collect:0
[ 1406245ms] [ERROR] Failed to load resource: net::ERR_BLOCKED_BY_CLIENT @ https://collector.github.com/github/collect:0
[ 1406328ms] [ERROR] Failed to load resource: net::ERR_BLOCKED_BY_CLIENT @ https://collector.github.com/github/collect:0
[ 1406410ms] [ERROR] Failed to load resource: net::ERR_BLOCKED_BY_CLIENT @ https://collector.github.com/github/collect:0
[ 1406493ms] [ERROR] Failed to load resource: net::ERR_BLOCKED_BY_CLIENT @ https://collector.github.com/github/collect:0
[ 1406573ms] [ERROR] Failed to load resource: net::ERR_BLOCKED_BY_CLIENT @ https://collector.github.com/github/collect:0
[ 1406656ms] [ERROR] Failed to load resource: net::ERR_BLOCKED_BY_CLIENT @ https://collector.github.com/github/collect:0
[ 1406755ms] [ERROR] Failed to load resource: net::ERR_BLOCKED_BY_CLIENT @ https://collector.github.com/github/collect:0
[ 1406823ms] [ERROR] Failed to load resource: net::ERR_BLOCKED_BY_CLIENT @ https://collector.github.com/github/collect:0
[ 1406905ms] [ERROR] Failed to load resource: net::ERR_BLOCKED_BY_CLIENT @ https://collector.github.com/github/collect:0
[ 1406994ms] [ERROR] Failed to load resource: net::ERR_BLOCKED_BY_CLIENT @ https://collector.github.com/github/collect:0
[ 1407073ms] [ERROR] Failed to load resource: net::ERR_BLOCKED_BY_CLIENT @ https://collector.github.com/github/collect:0
[ 1407160ms] [ERROR] Failed to load resource: net::ERR_BLOCKED_BY_CLIENT @ https://collector.github.com/github/collect:0
[ 1407245ms] [ERROR] Failed to load resource: net::ERR_BLOCKED_BY_CLIENT @ https://collector.github.com/github/collect:0
[ 1407290ms] [ERROR] Failed to load resource: net::ERR_BLOCKED_BY_CLIENT @ https://collector.github.com/github/collect:0
[ 1407377ms] [ERROR] Failed to load resource: net::ERR_BLOCKED_BY_CLIENT @ https://collector.github.com/github/collect:0
[ 1409312ms] [ERROR] Failed to load resource: net::ERR_BLOCKED_BY_CLIENT @ https://collector.github.com/github/collect:0
[ 1410041ms] [ERROR] Failed to load resource: net::ERR_BLOCKED_BY_CLIENT @ https://collector.github.com/github/collect:0
[ 1410128ms] [ERROR] Failed to load resource: net::ERR_BLOCKED_BY_CLIENT @ https://collector.github.com/github/collect:0
[ 1410213ms] [ERROR] Failed to load resource: net::ERR_BLOCKED_BY_CLIENT @ https://collector.github.com/github/collect:0
[ 1410304ms] [ERROR] Failed to load resource: net::ERR_BLOCKED_BY_CLIENT @ https://collector.github.com/github/collect:0
[ 1410391ms] [ERROR] Failed to load resource: net::ERR_BLOCKED_BY_CLIENT @ https://collector.github.com/github/collect:0
[ 1410474ms] [ERROR] Failed to load resource: net::ERR_BLOCKED_BY_CLIENT @ https://collector.github.com/github/collect:0
[ 1410561ms] [ERROR] Failed to load resource: net::ERR_BLOCKED_BY_CLIENT @ https://collector.github.com/github/collect:0
[ 1410646ms] [ERROR] Failed to load resource: net::ERR_BLOCKED_BY_CLIENT @ https://collector.github.com/github/collect:0
[ 1410742ms] [ERROR] Failed to load resource: net::ERR_BLOCKED_BY_CLIENT @ https://collector.github.com/github/collect:0
[ 1410825ms] [ERROR] Failed to load resource: net::ERR_BLOCKED_BY_CLIENT @ https://collector.github.com/github/collect:0
[ 1410908ms] [ERROR] Failed to load resource: net::ERR_BLOCKED_BY_CLIENT @ https://collector.github.com/github/collect:0
[ 1410988ms] [ERROR] Failed to load resource: net::ERR_BLOCKED_BY_CLIENT @ https://collector.github.com/github/collect:0
[ 1411076ms] [ERROR] Failed to load resource: net::ERR_BLOCKED_BY_CLIENT @ https://collector.github.com/github/collect:0
[ 1411163ms] [ERROR] Failed to load resource: net::ERR_BLOCKED_BY_CLIENT @ https://collector.github.com/github/collect:0
[ 1411247ms] [ERROR] Failed to load resource: net::ERR_BLOCKED_BY_CLIENT @ https://collector.github.com/github/collect:0
[ 1411339ms] [ERROR] Failed to load resource: net::ERR_BLOCKED_BY_CLIENT @ https://collector.github.com/github/collect:0
[ 1411423ms] [ERROR] Failed to load resource: net::ERR_BLOCKED_BY_CLIENT @ https://collector.github.com/github/collect:0
[ 1411504ms] [ERROR] Failed to load resource: net::ERR_BLOCKED_BY_CLIENT @ https://collector.github.com/github/collect:0
[ 1411676ms] [ERROR] Failed to load resource: net::ERR_BLOCKED_BY_CLIENT @ https://collector.github.com/github/collect:0
[ 1411761ms] [ERROR] Failed to load resource: net::ERR_BLOCKED_BY_CLIENT @ https://collector.github.com/github/collect:0
[ 1411844ms] [ERROR] Failed to load resource: net::ERR_BLOCKED_BY_CLIENT @ https://collector.github.com/github/collect:0
[ 1411931ms] [ERROR] Failed to load resource: net::ERR_BLOCKED_BY_CLIENT @ https://collector.github.com/github/collect:0
[ 1412012ms] [ERROR] Failed to load resource: net::ERR_BLOCKED_BY_CLIENT @ https://collector.github.com/github/collect:0
[ 1412096ms] [ERROR] Failed to load resource: net::ERR_BLOCKED_BY_CLIENT @ https://collector.github.com/github/collect:0
[ 1412181ms] [ERROR] Failed to load resource: net::ERR_BLOCKED_BY_CLIENT @ https://collector.github.com/github/collect:0
[ 1412264ms] [ERROR] Failed to load resource: net::ERR_BLOCKED_BY_CLIENT @ https://collector.github.com/github/collect:0
[ 1412347ms] [ERROR] Failed to load resource: net::ERR_BLOCKED_BY_CLIENT @ https://collector.github.com/github/collect:0
[ 1412431ms] [ERROR] Failed to load resource: net::ERR_BLOCKED_BY_CLIENT @ https://collector.github.com/github/collect:0
[ 1412512ms] [ERROR] Failed to load resource: net::ERR_BLOCKED_BY_CLIENT @ https://collector.github.com/github/collect:0
[ 1412595ms] [ERROR] Failed to load resource: net::ERR_BLOCKED_BY_CLIENT @ https://collector.github.com/github/collect:0
[ 1412679ms] [ERROR] Failed to load resource: net::ERR_BLOCKED_BY_CLIENT @ https://collector.github.com/github/collect:0
[ 1412762ms] [ERROR] Failed to load resource: net::ERR_BLOCKED_BY_CLIENT @ https://collector.github.com/github/collect:0
[ 1412845ms] [ERROR] Failed to load resource: net::ERR_BLOCKED_BY_CLIENT @ https://collector.github.com/github/collect:0
[ 1412927ms] [ERROR] Failed to load resource: net::ERR_BLOCKED_BY_CLIENT @ https://collector.github.com/github/collect:0
[ 1413010ms] [ERROR] Failed to load resource: net::ERR_BLOCKED_BY_CLIENT @ https://collector.github.com/github/collect:0
[ 1413093ms] [ERROR] Failed to load resource: net::ERR_BLOCKED_BY_CLIENT @ https://collector.github.com/github/collect:0
[ 1413175ms] [ERROR] Failed to load resource: net::ERR_BLOCKED_BY_CLIENT @ https://collector.github.com/github/collect:0
[ 1413261ms] [ERROR] Failed to load resource: net::ERR_BLOCKED_BY_CLIENT @ https://collector.github.com/github/collect:0
[ 1413339ms] [ERROR] Failed to load resource: net::ERR_BLOCKED_BY_CLIENT @ https://collector.github.com/github/collect:0
[ 1413422ms] [ERROR] Failed to load resource: net::ERR_BLOCKED_BY_CLIENT @ https://collector.github.com/github/collect:0
[ 1413502ms] [ERROR] Failed to load resource: net::ERR_BLOCKED_BY_CLIENT @ https://collector.github.com/github/collect:0
[ 1413589ms] [ERROR] Failed to load resource: net::ERR_BLOCKED_BY_CLIENT @ https://collector.github.com/github/collect:0
[ 1413664ms] [ERROR] Failed to load resource: net::ERR_BLOCKED_BY_CLIENT @ https://collector.github.com/github/collect:0
[ 1413748ms] [ERROR] Failed to load resource: net::ERR_BLOCKED_BY_CLIENT @ https://collector.github.com/github/collect:0
[ 1413839ms] [ERROR] Failed to load resource: net::ERR_BLOCKED_BY_CLIENT @ https://collector.github.com/github/collect:0
[ 1413912ms] [ERROR] Failed to load resource: net::ERR_BLOCKED_BY_CLIENT @ https://collector.github.com/github/collect:0
[ 1413995ms] [ERROR] Failed to load resource: net::ERR_BLOCKED_BY_CLIENT @ https://collector.github.com/github/collect:0
[ 1414079ms] [ERROR] Failed to load resource: net::ERR_BLOCKED_BY_CLIENT @ https://collector.github.com/github/collect:0
[ 1414161ms] [ERROR] Failed to load resource: net::ERR_BLOCKED_BY_CLIENT @ https://collector.github.com/github/collect:0
[ 1414330ms] [ERROR] Failed to load resource: net::ERR_BLOCKED_BY_CLIENT @ https://collector.github.com/github/collect:0
[ 1414415ms] [ERROR] Failed to load resource: net::ERR_BLOCKED_BY_CLIENT @ https://collector.github.com/github/collect:0
[ 1414505ms] [ERROR] Failed to load resource: net::ERR_BLOCKED_BY_CLIENT @ https://collector.github.com/github/collect:0
[ 1414586ms] [ERROR] Failed to load resource: net::ERR_BLOCKED_BY_CLIENT @ https://collector.github.com/github/collect:0
[ 1414661ms] [ERROR] Failed to load resource: net::ERR_BLOCKED_BY_CLIENT @ https://collector.github.com/github/collect:0
[ 1414756ms] [ERROR] Failed to load resource: net::ERR_BLOCKED_BY_CLIENT @ https://collector.github.com/github/collect:0
[ 1414838ms] [ERROR] Failed to load resource: net::ERR_BLOCKED_BY_CLIENT @ https://collector.github.com/github/collect:0
[ 1414924ms] [ERROR] Failed to load resource: net::ERR_BLOCKED_BY_CLIENT @ https://collector.github.com/github/collect:0
[ 1415006ms] [ERROR] Failed to load resource: net::ERR_BLOCKED_BY_CLIENT @ https://collector.github.com/github/collect:0
[ 1415094ms] [ERROR] Failed to load resource: net::ERR_BLOCKED_BY_CLIENT @ https://collector.github.com/github/collect:0
[ 1415176ms] [ERROR] Failed to load resource: net::ERR_BLOCKED_BY_CLIENT @ https://collector.github.com/github/collect:0
[ 1415258ms] [ERROR] Failed to load resource: net::ERR_BLOCKED_BY_CLIENT @ https://collector.github.com/github/collect:0
[ 1415343ms] [ERROR] Failed to load resource: net::ERR_BLOCKED_BY_CLIENT @ https://collector.github.com/github/collect:0
[ 1415430ms] [ERROR] Failed to load resource: net::ERR_BLOCKED_BY_CLIENT @ https://collector.github.com/github/collect:0
[ 1415522ms] [ERROR] Failed to load resource: net::ERR_BLOCKED_BY_CLIENT @ https://collector.github.com/github/collect:0
[ 1415607ms] [ERROR] Failed to load resource: net::ERR_BLOCKED_BY_CLIENT @ https://collector.github.com/github/collect:0
[ 1415695ms] [ERROR] Failed to load resource: net::ERR_BLOCKED_BY_CLIENT @ https://collector.github.com/github/collect:0
[ 1415790ms] [ERROR] Failed to load resource: net::ERR_BLOCKED_BY_CLIENT @ https://collector.github.com/github/collect:0
[ 1415876ms] [ERROR] Failed to load resource: net::ERR_BLOCKED_BY_CLIENT @ https://collector.github.com/github/collect:0
[ 1415961ms] [ERROR] Failed to load resource: net::ERR_BLOCKED_BY_CLIENT @ https://collector.github.com/github/collect:0
[ 1416057ms] [ERROR] Failed to load resource: net::ERR_BLOCKED_BY_CLIENT @ https://collector.github.com/github/collect:0
[ 1416146ms] [ERROR] Failed to load resource: net::ERR_BLOCKED_BY_CLIENT @ https://collector.github.com/github/collect:0
[ 1416231ms] [ERROR] Failed to load resource: net::ERR_BLOCKED_BY_CLIENT @ https://collector.github.com/github/collect:0
[ 1416323ms] [ERROR] Failed to load resource: net::ERR_BLOCKED_BY_CLIENT @ https://collector.github.com/github/collect:0
[ 1416405ms] [ERROR] Failed to load resource: net::ERR_BLOCKED_BY_CLIENT @ https://collector.github.com/github/collect:0
[ 1416487ms] [ERROR] Failed to load resource: net::ERR_BLOCKED_BY_CLIENT @ https://collector.github.com/github/collect:0
[ 1416664ms] [ERROR] Failed to load resource: net::ERR_BLOCKED_BY_CLIENT @ https://collector.github.com/github/collect:0
[ 1416755ms] [ERROR] Failed to load resource: net::ERR_BLOCKED_BY_CLIENT @ https://collector.github.com/github/collect:0
[ 1416843ms] [ERROR] Failed to load resource: net::ERR_BLOCKED_BY_CLIENT @ https://collector.github.com/github/collect:0
[ 1416930ms] [ERROR] Failed to load resource: net::ERR_BLOCKED_BY_CLIENT @ https://collector.github.com/github/collect:0
[ 1417025ms] [ERROR] Failed to load resource: net::ERR_BLOCKED_BY_CLIENT @ https://collector.github.com/github/collect:0
[ 1417107ms] [ERROR] Failed to load resource: net::ERR_BLOCKED_BY_CLIENT @ https://collector.github.com/github/collect:0
[ 1417194ms] [ERROR] Failed to load resource: net::ERR_BLOCKED_BY_CLIENT @ https://collector.github.com/github/collect:0
[ 1417285ms] [ERROR] Failed to load resource: net::ERR_BLOCKED_BY_CLIENT @ https://collector.github.com/github/collect:0
[ 1417373ms] [ERROR] Failed to load resource: net::ERR_BLOCKED_BY_CLIENT @ https://collector.github.com/github/collect:0
[ 1417459ms] [ERROR] Failed to load resource: net::ERR_BLOCKED_BY_CLIENT @ https://collector.github.com/github/collect:0
[ 1417542ms] [ERROR] Failed to load resource: net::ERR_BLOCKED_BY_CLIENT @ https://collector.github.com/github/collect:0
[ 1417627ms] [ERROR] Failed to load resource: net::ERR_BLOCKED_BY_CLIENT @ https://collector.github.com/github/collect:0
[ 1417714ms] [ERROR] Failed to load resource: net::ERR_BLOCKED_BY_CLIENT @ https://collector.github.com/github/collect:0
[ 1417811ms] [ERROR] Failed to load resource: net::ERR_BLOCKED_BY_CLIENT @ https://collector.github.com/github/collect:0
[ 1417894ms] [ERROR] Failed to load resource: net::ERR_BLOCKED_BY_CLIENT @ https://collector.github.com/github/collect:0
[ 1417986ms] [ERROR] Failed to load resource: net::ERR_BLOCKED_BY_CLIENT @ https://collector.github.com/github/collect:0
[ 1418076ms] [ERROR] Failed to load resource: net::ERR_BLOCKED_BY_CLIENT @ https://collector.github.com/github/collect:0
[ 1418162ms] [ERROR] Failed to load resource: net::ERR_BLOCKED_BY_CLIENT @ https://collector.github.com/github/collect:0
[ 1418257ms] [ERROR] Failed to load resource: net::ERR_BLOCKED_BY_CLIENT @ https://collector.github.com/github/collect:0
[ 1418342ms] [ERROR] Failed to load resource: net::ERR_BLOCKED_BY_CLIENT @ https://collector.github.com/github/collect:0
[ 1418430ms] [ERROR] Failed to load resource: net::ERR_BLOCKED_BY_CLIENT @ https://collector.github.com/github/collect:0
[ 1418522ms] [ERROR] Failed to load resource: net::ERR_BLOCKED_BY_CLIENT @ https://collector.github.com/github/collect:0
[ 1418620ms] [ERROR] Failed to load resource: net::ERR_BLOCKED_BY_CLIENT @ https://collector.github.com/github/collect:0
[ 1418709ms] [ERROR] Failed to load resource: net::ERR_BLOCKED_BY_CLIENT @ https://collector.github.com/github/collect:0
[ 1418896ms] [ERROR] Failed to load resource: net::ERR_BLOCKED_BY_CLIENT @ https://collector.github.com/github/collect:0
[ 1418980ms] [ERROR] Failed to load resource: net::ERR_BLOCKED_BY_CLIENT @ https://collector.github.com/github/collect:0
[ 1419073ms] [ERROR] Failed to load resource: net::ERR_BLOCKED_BY_CLIENT @ https://collector.github.com/github/collect:0
[ 1419165ms] [ERROR] Failed to load resource: net::ERR_BLOCKED_BY_CLIENT @ https://collector.github.com/github/collect:0
[ 1419258ms] [ERROR] Failed to load resource: net::ERR_BLOCKED_BY_CLIENT @ https://collector.github.com/github/collect:0
[ 1419347ms] [ERROR] Failed to load resource: net::ERR_BLOCKED_BY_CLIENT @ https://collector.github.com/github/collect:0
[ 1419457ms] [ERROR] Failed to load resource: net::ERR_BLOCKED_BY_CLIENT @ https://collector.github.com/github/collect:0
[ 1419531ms] [ERROR] Failed to load resource: net::ERR_BLOCKED_BY_CLIENT @ https://collector.github.com/github/collect:0
[ 1419628ms] [ERROR] Failed to load resource: net::ERR_BLOCKED_BY_CLIENT @ https://collector.github.com/github/collect:0
[ 1419726ms] [ERROR] Failed to load resource: net::ERR_BLOCKED_BY_CLIENT @ https://collector.github.com/github/collect:0
[ 1419811ms] [ERROR] Failed to load resource: net::ERR_BLOCKED_BY_CLIENT @ https://collector.github.com/github/collect:0
[ 1419909ms] [ERROR] Failed to load resource: net::ERR_BLOCKED_BY_CLIENT @ https://collector.github.com/github/collect:0
[ 1419995ms] [ERROR] Failed to load resource: net::ERR_BLOCKED_BY_CLIENT @ https://collector.github.com/github/collect:0
[ 1420094ms] [ERROR] Failed to load resource: net::ERR_BLOCKED_BY_CLIENT @ https://collector.github.com/github/collect:0
[ 1420170ms] [ERROR] Failed to load resource: net::ERR_BLOCKED_BY_CLIENT @ https://collector.github.com/github/collect:0
[ 1420207ms] [ERROR] Failed to load resource: net::ERR_BLOCKED_BY_CLIENT @ https://collector.github.com/github/collect:0
[ 1420240ms] [ERROR] Failed to load resource: net::ERR_BLOCKED_BY_CLIENT @ https://collector.github.com/github/collect:0
[ 1421012ms] [ERROR] Failed to load resource: net::ERR_BLOCKED_BY_CLIENT @ https://collector.github.com/github/collect:0
[ 1421040ms] [ERROR] Failed to load resource: net::ERR_BLOCKED_BY_CLIENT @ https://collector.github.com/github/collect:0
[ 1421109ms] [ERROR] Failed to load resource: net::ERR_BLOCKED_BY_CLIENT @ https://collector.github.com/github/collect:0
[ 1421273ms] [ERROR] Failed to load resource: net::ERR_BLOCKED_BY_CLIENT @ https://collector.github.com/github/collect:0
[ 1421713ms] [ERROR] Failed to load resource: net::ERR_BLOCKED_BY_CLIENT @ https://collector.github.com/github/collect:0
[ 1421809ms] [ERROR] Failed to load resource: net::ERR_BLOCKED_BY_CLIENT @ https://collector.github.com/github/collect:0
[ 1421910ms] [ERROR] Failed to load resource: net::ERR_BLOCKED_BY_CLIENT @ https://collector.github.com/github/collect:0
[ 1421943ms] [ERROR] Failed to load resource: net::ERR_BLOCKED_BY_CLIENT @ https://collector.github.com/github/collect:0
[ 1421995ms] [ERROR] Failed to load resource: net::ERR_BLOCKED_BY_CLIENT @ https://collector.github.com/github/collect:0
[ 1422093ms] [ERROR] Failed to load resource: net::ERR_BLOCKED_BY_CLIENT @ https://collector.github.com/github/collect:0
[ 1422340ms] [ERROR] Failed to load resource: net::ERR_BLOCKED_BY_CLIENT @ https://collector.github.com/github/collect:0
[ 1422926ms] [ERROR] Failed to load resource: net::ERR_BLOCKED_BY_CLIENT @ https://collector.github.com/github/collect:0
[ 1422939ms] [ERROR] Failed to load resource: net::ERR_BLOCKED_BY_CLIENT @ https://collector.github.com/github/collect:0
[ 1422973ms] [ERROR] Failed to load resource: net::ERR_BLOCKED_BY_CLIENT @ https://collector.github.com/github/collect:0
[ 1423459ms] [ERROR] Failed to load resource: net::ERR_BLOCKED_BY_CLIENT @ https://collector.github.com/github/collect:0
[ 1423548ms] [ERROR] Failed to load resource: net::ERR_BLOCKED_BY_CLIENT @ https://collector.github.com/github/collect:0
[ 1423597ms] [ERROR] Failed to load resource: net::ERR_BLOCKED_BY_CLIENT @ https://collector.github.com/github/collect:0
[ 1423693ms] [ERROR] Failed to load resource: net::ERR_BLOCKED_BY_CLIENT @ https://collector.github.com/github/collect:0
[ 1423840ms] [ERROR] Failed to load resource: net::ERR_BLOCKED_BY_CLIENT @ https://collector.github.com/github/collect:0
[ 1424173ms] [ERROR] Failed to load resource: net::ERR_BLOCKED_BY_CLIENT @ https://collector.github.com/github/collect:0
[ 1424257ms] [ERROR] Failed to load resource: net::ERR_BLOCKED_BY_CLIENT @ https://collector.github.com/github/collect:0
[ 1424497ms] [ERROR] Failed to load resource: net::ERR_BLOCKED_BY_CLIENT @ https://collector.github.com/github/collect:0
[ 1424648ms] [ERROR] Failed to load resource: net::ERR_BLOCKED_BY_CLIENT @ https://collector.github.com/github/collect:0
[ 1424707ms] [ERROR] Failed to load resource: net::ERR_BLOCKED_BY_CLIENT @ https://collector.github.com/github/collect:0
[ 1424724ms] [ERROR] Failed to load resource: net::ERR_BLOCKED_BY_CLIENT @ https://collector.github.com/github/collect:0
[ 1425163ms] [ERROR] Failed to load resource: net::ERR_BLOCKED_BY_CLIENT @ https://collector.github.com/github/collect:0
[ 1425230ms] [ERROR] Failed to load resource: net::ERR_BLOCKED_BY_CLIENT @ https://collector.github.com/github/collect:0
[ 1425330ms] [ERROR] Failed to load resource: net::ERR_BLOCKED_BY_CLIENT @ https://collector.github.com/github/collect:0
[ 1425411ms] [ERROR] Failed to load resource: net::ERR_BLOCKED_BY_CLIENT @ https://collector.github.com/github/collect:0
[ 1425498ms] [ERROR] Failed to load resource: net::ERR_BLOCKED_BY_CLIENT @ https://collector.github.com/github/collect:0
[ 1425596ms] [ERROR] Failed to load resource: net::ERR_BLOCKED_BY_CLIENT @ https://collector.github.com/github/collect:0
[ 1425692ms] [ERROR] Failed to load resource: net::ERR_BLOCKED_BY_CLIENT @ https://collector.github.com/github/collect:0
[ 1425781ms] [ERROR] Failed to load resource: net::ERR_BLOCKED_BY_CLIENT @ https://collector.github.com/github/collect:0
[ 1425876ms] [ERROR] Failed to load resource: net::ERR_BLOCKED_BY_CLIENT @ https://collector.github.com/github/collect:0
[ 1425993ms] [ERROR] Failed to load resource: net::ERR_BLOCKED_BY_CLIENT @ https://collector.github.com/github/collect:0
[ 1426095ms] [ERROR] Failed to load resource: net::ERR_BLOCKED_BY_CLIENT @ https://collector.github.com/github/collect:0
[ 1426178ms] [ERROR] Failed to load resource: net::ERR_BLOCKED_BY_CLIENT @ https://collector.github.com/github/collect:0
[ 1426264ms] [ERROR] Failed to load resource: net::ERR_BLOCKED_BY_CLIENT @ https://collector.github.com/github/collect:0
[ 1426356ms] [ERROR] Failed to load resource: net::ERR_BLOCKED_BY_CLIENT @ https://collector.github.com/github/collect:0
[ 1426458ms] [ERROR] Failed to load resource: net::ERR_BLOCKED_BY_CLIENT @ https://collector.github.com/github/collect:0
[ 1426542ms] [ERROR] Failed to load resource: net::ERR_BLOCKED_BY_CLIENT @ https://collector.github.com/github/collect:0
[ 1426575ms] [ERROR] Failed to load resource: net::ERR_BLOCKED_BY_CLIENT @ https://collector.github.com/github/collect:0
[ 1426591ms] [ERROR] Failed to load resource: net::ERR_BLOCKED_BY_CLIENT @ https://collector.github.com/github/collect:0
[ 1426623ms] [ERROR] Failed to load resource: net::ERR_BLOCKED_BY_CLIENT @ https://collector.github.com/github/collect:0
[ 1427165ms] [ERROR] Failed to load resource: net::ERR_BLOCKED_BY_CLIENT @ https://collector.github.com/github/collect:0
[ 1427257ms] [ERROR] Failed to load resource: net::ERR_BLOCKED_BY_CLIENT @ https://collector.github.com/github/collect:0
[ 1427292ms] [ERROR] Failed to load resource: net::ERR_BLOCKED_BY_CLIENT @ https://collector.github.com/github/collect:0
[ 1427977ms] [ERROR] Failed to load resource: net::ERR_BLOCKED_BY_CLIENT @ https://collector.github.com/github/collect:0
[ 1428072ms] [ERROR] Failed to load resource: net::ERR_BLOCKED_BY_CLIENT @ https://collector.github.com/github/collect:0
[ 1428106ms] [ERROR] Failed to load resource: net::ERR_BLOCKED_BY_CLIENT @ https://collector.github.com/github/collect:0
[ 1428154ms] [ERROR] Failed to load resource: net::ERR_BLOCKED_BY_CLIENT @ https://collector.github.com/github/collect:0
[ 1428488ms] [ERROR] Failed to load resource: net::ERR_BLOCKED_BY_CLIENT @ https://collector.github.com/github/collect:0
[ 1428848ms] [ERROR] Failed to load resource: net::ERR_BLOCKED_BY_CLIENT @ https://collector.github.com/github/collect:0
[ 1429224ms] [ERROR] Failed to load resource: net::ERR_BLOCKED_BY_CLIENT @ https://collector.github.com/github/collect:0
[ 1429273ms] [ERROR] Failed to load resource: net::ERR_BLOCKED_BY_CLIENT @ https://collector.github.com/github/collect:0
[ 1429291ms] [ERROR] Failed to load resource: net::ERR_BLOCKED_BY_CLIENT @ https://collector.github.com/github/collect:0
[ 1429564ms] [ERROR] Failed to load resource: net::ERR_BLOCKED_BY_CLIENT @ https://collector.github.com/github/collect:0
[ 1429825ms] [ERROR] Failed to load resource: net::ERR_BLOCKED_BY_CLIENT @ https://collector.github.com/github/collect:0
[ 1429858ms] [ERROR] Failed to load resource: net::ERR_BLOCKED_BY_CLIENT @ https://collector.github.com/github/collect:0
[ 1429873ms] [ERROR] Failed to load resource: net::ERR_BLOCKED_BY_CLIENT @ https://collector.github.com/github/collect:0
[ 1429907ms] [ERROR] Failed to load resource: net::ERR_BLOCKED_BY_CLIENT @ https://collector.github.com/github/collect:0
[ 1430531ms] [ERROR] Failed to load resource: net::ERR_BLOCKED_BY_CLIENT @ https://collector.github.com/github/collect:0
[ 1430625ms] [ERROR] Failed to load resource: net::ERR_BLOCKED_BY_CLIENT @ https://collector.github.com/github/collect:0
[ 1431373ms] [ERROR] Failed to load resource: net::ERR_BLOCKED_BY_CLIENT @ https://collector.github.com/github/collect:0
[ 1431597ms] [ERROR] Failed to load resource: net::ERR_BLOCKED_BY_CLIENT @ https://collector.github.com/github/collect:0
[ 1431693ms] [ERROR] Failed to load resource: net::ERR_BLOCKED_BY_CLIENT @ https://collector.github.com/github/collect:0
[ 1431789ms] [ERROR] Failed to load resource: net::ERR_BLOCKED_BY_CLIENT @ https://collector.github.com/github/collect:0
[ 1431822ms] [ERROR] Failed to load resource: net::ERR_BLOCKED_BY_CLIENT @ https://collector.github.com/github/collect:0
[ 1432026ms] [ERROR] Failed to load resource: net::ERR_BLOCKED_BY_CLIENT @ https://collector.github.com/github/collect:0
[ 1432317ms] [ERROR] Failed to load resource: net::ERR_BLOCKED_BY_CLIENT @ https://collector.github.com/github/collect:0
[ 1432410ms] [ERROR] Failed to load resource: net::ERR_BLOCKED_BY_CLIENT @ https://collector.github.com/github/collect:0
[ 1432577ms] [ERROR] Failed to load resource: net::ERR_BLOCKED_BY_CLIENT @ https://collector.github.com/github/collect:0
[ 1432764ms] [ERROR] Failed to load resource: net::ERR_BLOCKED_BY_CLIENT @ https://collector.github.com/github/collect:0
[ 1432877ms] [ERROR] Failed to load resource: net::ERR_BLOCKED_BY_CLIENT @ https://collector.github.com/github/collect:0
[ 1433047ms] [ERROR] Failed to load resource: net::ERR_BLOCKED_BY_CLIENT @ https://collector.github.com/github/collect:0
[ 1433144ms] [ERROR] Failed to load resource: net::ERR_BLOCKED_BY_CLIENT @ https://collector.github.com/github/collect:0
[ 1433233ms] [ERROR] Failed to load resource: net::ERR_BLOCKED_BY_CLIENT @ https://collector.github.com/github/collect:0
[ 1433328ms] [ERROR] Failed to load resource: net::ERR_BLOCKED_BY_CLIENT @ https://collector.github.com/github/collect:0
[ 1433416ms] [ERROR] Failed to load resource: net::ERR_BLOCKED_BY_CLIENT @ https://collector.github.com/github/collect:0
[ 1433508ms] [ERROR] Failed to load resource: net::ERR_BLOCKED_BY_CLIENT @ https://collector.github.com/github/collect:0
[ 1433597ms] [ERROR] Failed to load resource: net::ERR_BLOCKED_BY_CLIENT @ https://collector.github.com/github/collect:0
[ 1433690ms] [ERROR] Failed to load resource: net::ERR_BLOCKED_BY_CLIENT @ https://collector.github.com/github/collect:0
[ 1433782ms] [ERROR] Failed to load resource: net::ERR_BLOCKED_BY_CLIENT @ https://collector.github.com/github/collect:0
[ 1433877ms] [ERROR] Failed to load resource: net::ERR_BLOCKED_BY_CLIENT @ https://collector.github.com/github/collect:0
[ 1433964ms] [ERROR] Failed to load resource: net::ERR_BLOCKED_BY_CLIENT @ https://collector.github.com/github/collect:0
[ 1434056ms] [ERROR] Failed to load resource: net::ERR_BLOCKED_BY_CLIENT @ https://collector.github.com/github/collect:0
[ 1434147ms] [ERROR] Failed to load resource: net::ERR_BLOCKED_BY_CLIENT @ https://collector.github.com/github/collect:0
[ 1434326ms] [ERROR] Failed to load resource: net::ERR_BLOCKED_BY_CLIENT @ https://collector.github.com/github/collect:0
[ 1434413ms] [ERROR] Failed to load resource: net::ERR_BLOCKED_BY_CLIENT @ https://collector.github.com/github/collect:0
[ 1434522ms] [ERROR] Failed to load resource: net::ERR_BLOCKED_BY_CLIENT @ https://collector.github.com/github/collect:0
[ 1434593ms] [ERROR] Failed to load resource: net::ERR_BLOCKED_BY_CLIENT @ https://collector.github.com/github/collect:0
[ 1434698ms] [ERROR] Failed to load resource: net::ERR_BLOCKED_BY_CLIENT @ https://collector.github.com/github/collect:0
[ 1434773ms] [ERROR] Failed to load resource: net::ERR_BLOCKED_BY_CLIENT @ https://collector.github.com/github/collect:0
[ 1434861ms] [ERROR] Failed to load resource: net::ERR_BLOCKED_BY_CLIENT @ https://collector.github.com/github/collect:0
[ 1434948ms] [ERROR] Failed to load resource: net::ERR_BLOCKED_BY_CLIENT @ https://collector.github.com/github/collect:0
[ 1435125ms] [ERROR] Failed to load resource: net::ERR_BLOCKED_BY_CLIENT @ https://collector.github.com/github/collect:0
[ 1435211ms] [ERROR] Failed to load resource: net::ERR_BLOCKED_BY_CLIENT @ https://collector.github.com/github/collect:0
[ 1435295ms] [ERROR] Failed to load resource: net::ERR_BLOCKED_BY_CLIENT @ https://collector.github.com/github/collect:0
[ 1435381ms] [ERROR] Failed to load resource: net::ERR_BLOCKED_BY_CLIENT @ https://collector.github.com/github/collect:0
[ 1435641ms] [ERROR] Failed to load resource: net::ERR_BLOCKED_BY_CLIENT @ https://collector.github.com/github/collect:0
[ 1435728ms] [ERROR] Failed to load resource: net::ERR_BLOCKED_BY_CLIENT @ https://collector.github.com/github/collect:0
[ 1435811ms] [ERROR] Failed to load resource: net::ERR_BLOCKED_BY_CLIENT @ https://collector.github.com/github/collect:0
[ 1435899ms] [ERROR] Failed to load resource: net::ERR_BLOCKED_BY_CLIENT @ https://collector.github.com/github/collect:0
[ 1435983ms] [ERROR] Failed to load resource: net::ERR_BLOCKED_BY_CLIENT @ https://collector.github.com/github/collect:0
[ 1436160ms] [ERROR] Failed to load resource: net::ERR_BLOCKED_BY_CLIENT @ https://collector.github.com/github/collect:0
[ 1436240ms] [ERROR] Failed to load resource: net::ERR_BLOCKED_BY_CLIENT @ https://collector.github.com/github/collect:0
[ 1436322ms] [ERROR] Failed to load resource: net::ERR_BLOCKED_BY_CLIENT @ https://collector.github.com/github/collect:0
[ 1436413ms] [ERROR] Failed to load resource: net::ERR_BLOCKED_BY_CLIENT @ https://collector.github.com/github/collect:0
[ 1436494ms] [ERROR] Failed to load resource: net::ERR_BLOCKED_BY_CLIENT @ https://collector.github.com/github/collect:0
[ 1436579ms] [ERROR] Failed to load resource: net::ERR_BLOCKED_BY_CLIENT @ https://collector.github.com/github/collect:0
[ 1436662ms] [ERROR] Failed to load resource: net::ERR_BLOCKED_BY_CLIENT @ https://collector.github.com/github/collect:0
[ 1436745ms] [ERROR] Failed to load resource: net::ERR_BLOCKED_BY_CLIENT @ https://collector.github.com/github/collect:0
[ 1436828ms] [ERROR] Failed to load resource: net::ERR_BLOCKED_BY_CLIENT @ https://collector.github.com/github/collect:0
[ 1436914ms] [ERROR] Failed to load resource: net::ERR_BLOCKED_BY_CLIENT @ https://collector.github.com/github/collect:0
[ 1436996ms] [ERROR] Failed to load resource: net::ERR_BLOCKED_BY_CLIENT @ https://collector.github.com/github/collect:0
[ 1437079ms] [ERROR] Failed to load resource: net::ERR_BLOCKED_BY_CLIENT @ https://collector.github.com/github/collect:0
[ 1437161ms] [ERROR] Failed to load resource: net::ERR_BLOCKED_BY_CLIENT @ https://collector.github.com/github/collect:0
[ 1437328ms] [ERROR] Failed to load resource: net::ERR_BLOCKED_BY_CLIENT @ https://collector.github.com/github/collect:0
[ 1437408ms] [ERROR] Failed to load resource: net::ERR_BLOCKED_BY_CLIENT @ https://collector.github.com/github/collect:0
[ 1437681ms] [ERROR] Failed to load resource: net::ERR_BLOCKED_BY_CLIENT @ https://collector.github.com/github/collect:0
[ 1437764ms] [ERROR] Failed to load resource: net::ERR_BLOCKED_BY_CLIENT @ https://collector.github.com/github/collect:0
[ 1437849ms] [ERROR] Failed to load resource: net::ERR_BLOCKED_BY_CLIENT @ https://collector.github.com/github/collect:0
[ 1438011ms] [ERROR] Failed to load resource: net::ERR_BLOCKED_BY_CLIENT @ https://collector.github.com/github/collect:0
[ 1438096ms] [ERROR] Failed to load resource: net::ERR_BLOCKED_BY_CLIENT @ https://collector.github.com/github/collect:0
[ 1438179ms] [ERROR] Failed to load resource: net::ERR_BLOCKED_BY_CLIENT @ https://collector.github.com/github/collect:0
[ 1438263ms] [ERROR] Failed to load resource: net::ERR_BLOCKED_BY_CLIENT @ https://collector.github.com/github/collect:0
[ 1438348ms] [ERROR] Failed to load resource: net::ERR_BLOCKED_BY_CLIENT @ https://collector.github.com/github/collect:0
[ 1438774ms] [ERROR] Failed to load resource: net::ERR_BLOCKED_BY_CLIENT @ https://collector.github.com/github/collect:0
[ 1438860ms] [ERROR] Failed to load resource: net::ERR_BLOCKED_BY_CLIENT @ https://collector.github.com/github/collect:0
[ 1438944ms] [ERROR] Failed to load resource: net::ERR_BLOCKED_BY_CLIENT @ https://collector.github.com/github/collect:0
[ 1439028ms] [ERROR] Failed to load resource: net::ERR_BLOCKED_BY_CLIENT @ https://collector.github.com/github/collect:0
[ 1439116ms] [ERROR] Failed to load resource: net::ERR_BLOCKED_BY_CLIENT @ https://collector.github.com/github/collect:0
[ 1439291ms] [ERROR] Failed to load resource: net::ERR_BLOCKED_BY_CLIENT @ https://collector.github.com/github/collect:0
[ 1439375ms] [ERROR] Failed to load resource: net::ERR_BLOCKED_BY_CLIENT @ https://collector.github.com/github/collect:0
[ 1439462ms] [ERROR] Failed to load resource: net::ERR_BLOCKED_BY_CLIENT @ https://collector.github.com/github/collect:0
[ 1439574ms] [ERROR] Failed to load resource: net::ERR_BLOCKED_BY_CLIENT @ https://collector.github.com/github/collect:0
[ 1439645ms] [ERROR] Failed to load resource: net::ERR_BLOCKED_BY_CLIENT @ https://collector.github.com/github/collect:0
[ 1439732ms] [ERROR] Failed to load resource: net::ERR_BLOCKED_BY_CLIENT @ https://collector.github.com/github/collect:0
[ 1439845ms] [ERROR] Failed to load resource: net::ERR_BLOCKED_BY_CLIENT @ https://collector.github.com/github/collect:0
[ 1440012ms] [ERROR] Failed to load resource: net::ERR_BLOCKED_BY_CLIENT @ https://collector.github.com/github/collect:0
[ 1440097ms] [ERROR] Failed to load resource: net::ERR_BLOCKED_BY_CLIENT @ https://collector.github.com/github/collect:0
[ 1440274ms] [ERROR] Failed to load resource: net::ERR_BLOCKED_BY_CLIENT @ https://collector.github.com/github/collect:0
[ 1440361ms] [ERROR] Failed to load resource: net::ERR_BLOCKED_BY_CLIENT @ https://collector.github.com/github/collect:0
[ 1440446ms] [ERROR] Failed to load resource: net::ERR_BLOCKED_BY_CLIENT @ https://collector.github.com/github/collect:0
[ 1440625ms] [ERROR] Failed to load resource: net::ERR_BLOCKED_BY_CLIENT @ https://collector.github.com/github/collect:0
[ 1440712ms] [ERROR] Failed to load resource: net::ERR_BLOCKED_BY_CLIENT @ https://collector.github.com/github/collect:0
[ 1440798ms] [ERROR] Failed to load resource: net::ERR_BLOCKED_BY_CLIENT @ https://collector.github.com/github/collect:0
[ 1440894ms] [ERROR] Failed to load resource: net::ERR_BLOCKED_BY_CLIENT @ https://collector.github.com/github/collect:0
[ 1440979ms] [ERROR] Failed to load resource: net::ERR_BLOCKED_BY_CLIENT @ https://collector.github.com/github/collect:0
[ 1441066ms] [ERROR] Failed to load resource: net::ERR_BLOCKED_BY_CLIENT @ https://collector.github.com/github/collect:0
[ 1441240ms] [ERROR] Failed to load resource: net::ERR_BLOCKED_BY_CLIENT @ https://collector.github.com/github/collect:0
[ 1441329ms] [ERROR] Failed to load resource: net::ERR_BLOCKED_BY_CLIENT @ https://collector.github.com/github/collect:0
[ 1441414ms] [ERROR] Failed to load resource: net::ERR_BLOCKED_BY_CLIENT @ https://collector.github.com/github/collect:0
[ 1441592ms] [ERROR] Failed to load resource: net::ERR_BLOCKED_BY_CLIENT @ https://collector.github.com/github/collect:0
[ 1441678ms] [ERROR] Failed to load resource: net::ERR_BLOCKED_BY_CLIENT @ https://collector.github.com/github/collect:0
[ 1441763ms] [ERROR] Failed to load resource: net::ERR_BLOCKED_BY_CLIENT @ https://collector.github.com/github/collect:0
[ 1441942ms] [ERROR] Failed to load resource: net::ERR_BLOCKED_BY_CLIENT @ https://collector.github.com/github/collect:0
[ 1442026ms] [ERROR] Failed to load resource: net::ERR_BLOCKED_BY_CLIENT @ https://collector.github.com/github/collect:0
[ 1442113ms] [ERROR] Failed to load resource: net::ERR_BLOCKED_BY_CLIENT @ https://collector.github.com/github/collect:0
[ 1442296ms] [ERROR] Failed to load resource: net::ERR_BLOCKED_BY_CLIENT @ https://collector.github.com/github/collect:0
[ 1442380ms] [ERROR] Failed to load resource: net::ERR_BLOCKED_BY_CLIENT @ https://collector.github.com/github/collect:0
[ 1442560ms] [ERROR] Failed to load resource: net::ERR_BLOCKED_BY_CLIENT @ https://collector.github.com/github/collect:0
[ 1442646ms] [ERROR] Failed to load resource: net::ERR_BLOCKED_BY_CLIENT @ https://collector.github.com/github/collect:0
[ 1442732ms] [ERROR] Failed to load resource: net::ERR_BLOCKED_BY_CLIENT @ https://collector.github.com/github/collect:0
[ 1442911ms] [ERROR] Failed to load resource: net::ERR_BLOCKED_BY_CLIENT @ https://collector.github.com/github/collect:0
[ 1442995ms] [ERROR] Failed to load resource: net::ERR_BLOCKED_BY_CLIENT @ https://collector.github.com/github/collect:0
[ 1443342ms] [ERROR] Failed to load resource: net::ERR_BLOCKED_BY_CLIENT @ https://collector.github.com/github/collect:0
[ 1443426ms] [ERROR] Failed to load resource: net::ERR_BLOCKED_BY_CLIENT @ https://collector.github.com/github/collect:0
[ 1443511ms] [ERROR] Failed to load resource: net::ERR_BLOCKED_BY_CLIENT @ https://collector.github.com/github/collect:0
[ 1443598ms] [ERROR] Failed to load resource: net::ERR_BLOCKED_BY_CLIENT @ https://collector.github.com/github/collect:0
[ 1443875ms] [ERROR] Failed to load resource: net::ERR_BLOCKED_BY_CLIENT @ https://collector.github.com/github/collect:0
[ 1443942ms] [ERROR] Failed to load resource: net::ERR_BLOCKED_BY_CLIENT @ https://collector.github.com/github/collect:0
[ 1444031ms] [ERROR] Failed to load resource: net::ERR_BLOCKED_BY_CLIENT @ https://collector.github.com/github/collect:0
[ 1444093ms] [ERROR] Failed to load resource: net::ERR_BLOCKED_BY_CLIENT @ https://collector.github.com/github/collect:0
[ 1444190ms] [ERROR] Failed to load resource: net::ERR_BLOCKED_BY_CLIENT @ https://collector.github.com/github/collect:0
[ 1444432ms] [ERROR] Failed to load resource: net::ERR_BLOCKED_BY_CLIENT @ https://collector.github.com/github/collect:0
[ 1444692ms] [ERROR] Failed to load resource: net::ERR_BLOCKED_BY_CLIENT @ https://collector.github.com/github/collect:0
[ 1444943ms] [ERROR] Failed to load resource: net::ERR_BLOCKED_BY_CLIENT @ https://collector.github.com/github/collect:0
[ 1445031ms] [ERROR] Failed to load resource: net::ERR_BLOCKED_BY_CLIENT @ https://collector.github.com/github/collect:0
[ 1445210ms] [ERROR] Failed to load resource: net::ERR_BLOCKED_BY_CLIENT @ https://collector.github.com/github/collect:0
[ 1445295ms] [ERROR] Failed to load resource: net::ERR_BLOCKED_BY_CLIENT @ https://collector.github.com/github/collect:0
[ 1445398ms] [ERROR] Failed to load resource: net::ERR_BLOCKED_BY_CLIENT @ https://collector.github.com/github/collect:0
[ 1445562ms] [ERROR] Failed to load resource: net::ERR_BLOCKED_BY_CLIENT @ https://collector.github.com/github/collect:0
[ 1445647ms] [ERROR] Failed to load resource: net::ERR_BLOCKED_BY_CLIENT @ https://collector.github.com/github/collect:0
[ 1445760ms] [ERROR] Failed to load resource: net::ERR_BLOCKED_BY_CLIENT @ https://collector.github.com/github/collect:0
[ 1445933ms] [ERROR] Failed to load resource: net::ERR_BLOCKED_BY_CLIENT @ https://collector.github.com/github/collect:0
[ 1446024ms] [ERROR] Failed to load resource: net::ERR_BLOCKED_BY_CLIENT @ https://collector.github.com/github/collect:0
[ 1446094ms] [ERROR] Failed to load resource: net::ERR_BLOCKED_BY_CLIENT @ https://collector.github.com/github/collect:0
[ 1446358ms] [ERROR] Failed to load resource: net::ERR_BLOCKED_BY_CLIENT @ https://collector.github.com/github/collect:0
[ 1446445ms] [ERROR] Failed to load resource: net::ERR_BLOCKED_BY_CLIENT @ https://collector.github.com/github/collect:0
[ 1446528ms] [ERROR] Failed to load resource: net::ERR_BLOCKED_BY_CLIENT @ https://collector.github.com/github/collect:0
[ 1446611ms] [ERROR] Failed to load resource: net::ERR_BLOCKED_BY_CLIENT @ https://collector.github.com/github/collect:0
[ 1446698ms] [ERROR] Failed to load resource: net::ERR_BLOCKED_BY_CLIENT @ https://collector.github.com/github/collect:0
[ 1446962ms] [ERROR] Failed to load resource: net::ERR_BLOCKED_BY_CLIENT @ https://collector.github.com/github/collect:0
[ 1447044ms] [ERROR] Failed to load resource: net::ERR_BLOCKED_BY_CLIENT @ https://collector.github.com/github/collect:0
[ 1447128ms] [ERROR] Failed to load resource: net::ERR_BLOCKED_BY_CLIENT @ https://collector.github.com/github/collect:0
[ 1447216ms] [ERROR] Failed to load resource: net::ERR_BLOCKED_BY_CLIENT @ https://collector.github.com/github/collect:0
[ 1447476ms] [ERROR] Failed to load resource: net::ERR_BLOCKED_BY_CLIENT @ https://collector.github.com/github/collect:0
[ 1447561ms] [ERROR] Failed to load resource: net::ERR_BLOCKED_BY_CLIENT @ https://collector.github.com/github/collect:0
[ 1447645ms] [ERROR] Failed to load resource: net::ERR_BLOCKED_BY_CLIENT @ https://collector.github.com/github/collect:0
[ 1447749ms] [ERROR] Failed to load resource: net::ERR_BLOCKED_BY_CLIENT @ https://collector.github.com/github/collect:0
[ 1447916ms] [ERROR] Failed to load resource: net::ERR_BLOCKED_BY_CLIENT @ https://collector.github.com/github/collect:0
[ 1448098ms] [ERROR] Failed to load resource: net::ERR_BLOCKED_BY_CLIENT @ https://collector.github.com/github/collect:0
[ 1448183ms] [ERROR] Failed to load resource: net::ERR_BLOCKED_BY_CLIENT @ https://collector.github.com/github/collect:0
[ 1448676ms] [ERROR] Failed to load resource: net::ERR_BLOCKED_BY_CLIENT @ https://collector.github.com/github/collect:0
[ 1448958ms] [ERROR] Failed to load resource: net::ERR_BLOCKED_BY_CLIENT @ https://collector.github.com/github/collect:0
[ 1449029ms] [ERROR] Failed to load resource: net::ERR_BLOCKED_BY_CLIENT @ https://collector.github.com/github/collect:0
[ 1449110ms] [ERROR] Failed to load resource: net::ERR_BLOCKED_BY_CLIENT @ https://collector.github.com/github/collect:0
[ 1449193ms] [ERROR] Failed to load resource: net::ERR_BLOCKED_BY_CLIENT @ https://collector.github.com/github/collect:0
[ 1449274ms] [ERROR] Failed to load resource: net::ERR_BLOCKED_BY_CLIENT @ https://collector.github.com/github/collect:0
[ 1449350ms] [ERROR] Failed to load resource: net::ERR_BLOCKED_BY_CLIENT @ https://collector.github.com/github/collect:0
[ 1449426ms] [ERROR] Failed to load resource: net::ERR_BLOCKED_BY_CLIENT @ https://collector.github.com/github/collect:0
[ 1449509ms] [ERROR] Failed to load resource: net::ERR_BLOCKED_BY_CLIENT @ https://collector.github.com/github/collect:0
[ 1449594ms] [ERROR] Failed to load resource: net::ERR_BLOCKED_BY_CLIENT @ https://collector.github.com/github/collect:0
[ 1449673ms] [ERROR] Failed to load resource: net::ERR_BLOCKED_BY_CLIENT @ https://collector.github.com/github/collect:0
[ 1449841ms] [ERROR] Failed to load resource: net::ERR_BLOCKED_BY_CLIENT @ https://collector.github.com/github/collect:0
[ 1449928ms] [ERROR] Failed to load resource: net::ERR_BLOCKED_BY_CLIENT @ https://collector.github.com/github/collect:0
[ 1450015ms] [ERROR] Failed to load resource: net::ERR_BLOCKED_BY_CLIENT @ https://collector.github.com/github/collect:0
[ 1450107ms] [ERROR] Failed to load resource: net::ERR_BLOCKED_BY_CLIENT @ https://collector.github.com/github/collect:0
[ 1450194ms] [ERROR] Failed to load resource: net::ERR_BLOCKED_BY_CLIENT @ https://collector.github.com/github/collect:0
[ 1450280ms] [ERROR] Failed to load resource: net::ERR_BLOCKED_BY_CLIENT @ https://collector.github.com/github/collect:0
[ 1450378ms] [ERROR] Failed to load resource: net::ERR_BLOCKED_BY_CLIENT @ https://collector.github.com/github/collect:0
[ 1450461ms] [ERROR] Failed to load resource: net::ERR_BLOCKED_BY_CLIENT @ https://collector.github.com/github/collect:0
[ 1450643ms] [ERROR] Failed to load resource: net::ERR_BLOCKED_BY_CLIENT @ https://collector.github.com/github/collect:0
[ 1450730ms] [ERROR] Failed to load resource: net::ERR_BLOCKED_BY_CLIENT @ https://collector.github.com/github/collect:0
[ 1450825ms] [ERROR] Failed to load resource: net::ERR_BLOCKED_BY_CLIENT @ https://collector.github.com/github/collect:0
[ 1451012ms] [ERROR] Failed to load resource: net::ERR_BLOCKED_BY_CLIENT @ https://collector.github.com/github/collect:0
[ 1451193ms] [ERROR] Failed to load resource: net::ERR_BLOCKED_BY_CLIENT @ https://collector.github.com/github/collect:0
[ 1451280ms] [ERROR] Failed to load resource: net::ERR_BLOCKED_BY_CLIENT @ https://collector.github.com/github/collect:0
[ 1451366ms] [ERROR] Failed to load resource: net::ERR_BLOCKED_BY_CLIENT @ https://collector.github.com/github/collect:0
[ 1451460ms] [ERROR] Failed to load resource: net::ERR_BLOCKED_BY_CLIENT @ https://collector.github.com/github/collect:0
[ 1451646ms] [ERROR] Failed to load resource: net::ERR_BLOCKED_BY_CLIENT @ https://collector.github.com/github/collect:0
[ 1451733ms] [ERROR] Failed to load resource: net::ERR_BLOCKED_BY_CLIENT @ https://collector.github.com/github/collect:0
[ 1451829ms] [ERROR] Failed to load resource: net::ERR_BLOCKED_BY_CLIENT @ https://collector.github.com/github/collect:0
[ 1452011ms] [ERROR] Failed to load resource: net::ERR_BLOCKED_BY_CLIENT @ https://collector.github.com/github/collect:0
[ 1452117ms] [ERROR] Failed to load resource: net::ERR_BLOCKED_BY_CLIENT @ https://collector.github.com/github/collect:0
[ 1452195ms] [ERROR] Failed to load resource: net::ERR_BLOCKED_BY_CLIENT @ https://collector.github.com/github/collect:0
[ 1452307ms] [ERROR] Failed to load resource: net::ERR_BLOCKED_BY_CLIENT @ https://collector.github.com/github/collect:0
[ 1452380ms] [ERROR] Failed to load resource: net::ERR_BLOCKED_BY_CLIENT @ https://collector.github.com/github/collect:0
[ 1452473ms] [ERROR] Failed to load resource: net::ERR_BLOCKED_BY_CLIENT @ https://collector.github.com/github/collect:0
[ 1452563ms] [ERROR] Failed to load resource: net::ERR_BLOCKED_BY_CLIENT @ https://collector.github.com/github/collect:0
[ 1452677ms] [ERROR] Failed to load resource: net::ERR_BLOCKED_BY_CLIENT @ https://collector.github.com/github/collect:0
[ 1452744ms] [ERROR] Failed to load resource: net::ERR_BLOCKED_BY_CLIENT @ https://collector.github.com/github/collect:0
[ 1452932ms] [ERROR] Failed to load resource: net::ERR_BLOCKED_BY_CLIENT @ https://collector.github.com/github/collect:0
[ 1453008ms] [ERROR] Failed to load resource: net::ERR_BLOCKED_BY_CLIENT @ https://collector.github.com/github/collect:0
[ 1453099ms] [ERROR] Failed to load resource: net::ERR_BLOCKED_BY_CLIENT @ https://collector.github.com/github/collect:0
[ 1453195ms] [ERROR] Failed to load resource: net::ERR_BLOCKED_BY_CLIENT @ https://collector.github.com/github/collect:0
[ 1453377ms] [ERROR] Failed to load resource: net::ERR_BLOCKED_BY_CLIENT @ https://collector.github.com/github/collect:0
[ 1453465ms] [ERROR] Failed to load resource: net::ERR_BLOCKED_BY_CLIENT @ https://collector.github.com/github/collect:0
[ 1453575ms] [ERROR] Failed to load resource: net::ERR_BLOCKED_BY_CLIENT @ https://collector.github.com/github/collect:0
[ 1453648ms] [ERROR] Failed to load resource: net::ERR_BLOCKED_BY_CLIENT @ https://collector.github.com/github/collect:0
[ 1453826ms] [ERROR] Failed to load resource: net::ERR_BLOCKED_BY_CLIENT @ https://collector.github.com/github/collect:0
[ 1453933ms] [ERROR] Failed to load resource: net::ERR_BLOCKED_BY_CLIENT @ https://collector.github.com/github/collect:0
[ 1454012ms] [ERROR] Failed to load resource: net::ERR_BLOCKED_BY_CLIENT @ https://collector.github.com/github/collect:0
[ 1454196ms] [ERROR] Failed to load resource: net::ERR_BLOCKED_BY_CLIENT @ https://collector.github.com/github/collect:0
[ 1454379ms] [ERROR] Failed to load resource: net::ERR_BLOCKED_BY_CLIENT @ https://collector.github.com/github/collect:0
[ 1454582ms] [ERROR] Failed to load resource: net::ERR_BLOCKED_BY_CLIENT @ https://collector.github.com/github/collect:0
[ 1454747ms] [ERROR] Failed to load resource: net::ERR_BLOCKED_BY_CLIENT @ https://collector.github.com/github/collect:0
[ 1454829ms] [ERROR] Failed to load resource: net::ERR_BLOCKED_BY_CLIENT @ https://collector.github.com/github/collect:0
[ 1455091ms] [ERROR] Failed to load resource: net::ERR_BLOCKED_BY_CLIENT @ https://collector.github.com/github/collect:0
[ 1455178ms] [ERROR] Failed to load resource: net::ERR_BLOCKED_BY_CLIENT @ https://collector.github.com/github/collect:0
[ 1455263ms] [ERROR] Failed to load resource: net::ERR_BLOCKED_BY_CLIENT @ https://collector.github.com/github/collect:0
[ 1455347ms] [ERROR] Failed to load resource: net::ERR_BLOCKED_BY_CLIENT @ https://collector.github.com/github/collect:0
[ 1455515ms] [ERROR] Failed to load resource: net::ERR_BLOCKED_BY_CLIENT @ https://collector.github.com/github/collect:0
[ 1455592ms] [ERROR] Failed to load resource: net::ERR_BLOCKED_BY_CLIENT @ https://collector.github.com/github/collect:0
[ 1455665ms] [ERROR] Failed to load resource: net::ERR_BLOCKED_BY_CLIENT @ https://collector.github.com/github/collect:0
[ 1455793ms] [ERROR] Failed to load resource: net::ERR_BLOCKED_BY_CLIENT @ https://collector.github.com/github/collect:0
[ 1455878ms] [ERROR] Failed to load resource: net::ERR_BLOCKED_BY_CLIENT @ https://collector.github.com/github/collect:0
[ 1455962ms] [ERROR] Failed to load resource: net::ERR_BLOCKED_BY_CLIENT @ https://collector.github.com/github/collect:0
[ 1472563ms] [ERROR] Failed to load resource: net::ERR_BLOCKED_BY_CLIENT @ https://collector.github.com/github/collect:0
[ 1481042ms] [ERROR] Failed to load resource: net::ERR_BLOCKED_BY_CLIENT @ https://collector.github.com/github/collect:0
[ 1481130ms] [ERROR] Failed to load resource: net::ERR_BLOCKED_BY_CLIENT @ https://collector.github.com/github/collect:0
[ 1481447ms] [ERROR] Failed to load resource: net::ERR_BLOCKED_BY_CLIENT @ https://collector.github.com/github/collect:0
[ 1481532ms] [ERROR] Failed to load resource: net::ERR_BLOCKED_BY_CLIENT @ https://collector.github.com/github/collect:0
[ 1481792ms] [ERROR] Failed to load resource: net::ERR_BLOCKED_BY_CLIENT @ https://collector.github.com/github/collect:0
[ 1481889ms] [ERROR] Failed to load resource: net::ERR_BLOCKED_BY_CLIENT @ https://collector.github.com/github/collect:0
[ 1481958ms] [ERROR] Failed to load resource: net::ERR_BLOCKED_BY_CLIENT @ https://collector.github.com/github/collect:0
[ 1482047ms] [ERROR] Failed to load resource: net::ERR_BLOCKED_BY_CLIENT @ https://collector.github.com/github/collect:0
[ 1482131ms] [ERROR] Failed to load resource: net::ERR_BLOCKED_BY_CLIENT @ https://collector.github.com/github/collect:0
[ 1482316ms] [ERROR] Failed to load resource: net::ERR_BLOCKED_BY_CLIENT @ https://collector.github.com/github/collect:0
[ 1482474ms] [ERROR] Failed to load resource: net::ERR_BLOCKED_BY_CLIENT @ https://collector.github.com/github/collect:0
[ 1482559ms] [ERROR] Failed to load resource: net::ERR_BLOCKED_BY_CLIENT @ https://collector.github.com/github/collect:0
[ 1482647ms] [ERROR] Failed to load resource: net::ERR_BLOCKED_BY_CLIENT @ https://collector.github.com/github/collect:0
[ 1482732ms] [ERROR] Failed to load resource: net::ERR_BLOCKED_BY_CLIENT @ https://collector.github.com/github/collect:0
[ 1482834ms] [ERROR] Failed to load resource: net::ERR_BLOCKED_BY_CLIENT @ https://collector.github.com/github/collect:0
[ 1482995ms] [ERROR] Failed to load resource: net::ERR_BLOCKED_BY_CLIENT @ https://collector.github.com/github/collect:0
[ 1483080ms] [ERROR] Failed to load resource: net::ERR_BLOCKED_BY_CLIENT @ https://collector.github.com/github/collect:0
[ 1483167ms] [ERROR] Failed to load resource: net::ERR_BLOCKED_BY_CLIENT @ https://collector.github.com/github/collect:0
[ 1483275ms] [ERROR] Failed to load resource: net::ERR_BLOCKED_BY_CLIENT @ https://collector.github.com/github/collect:0
[ 1483343ms] [ERROR] Failed to load resource: net::ERR_BLOCKED_BY_CLIENT @ https://collector.github.com/github/collect:0
[ 1483430ms] [ERROR] Failed to load resource: net::ERR_BLOCKED_BY_CLIENT @ https://collector.github.com/github/collect:0
[ 1483515ms] [ERROR] Failed to load resource: net::ERR_BLOCKED_BY_CLIENT @ https://collector.github.com/github/collect:0
[ 1483696ms] [ERROR] Failed to load resource: net::ERR_BLOCKED_BY_CLIENT @ https://collector.github.com/github/collect:0
[ 1483780ms] [ERROR] Failed to load resource: net::ERR_BLOCKED_BY_CLIENT @ https://collector.github.com/github/collect:0
[ 1483959ms] [ERROR] Failed to load resource: net::ERR_BLOCKED_BY_CLIENT @ https://collector.github.com/github/collect:0
[ 1484044ms] [ERROR] Failed to load resource: net::ERR_BLOCKED_BY_CLIENT @ https://collector.github.com/github/collect:0
[ 1484131ms] [ERROR] Failed to load resource: net::ERR_BLOCKED_BY_CLIENT @ https://collector.github.com/github/collect:0
[ 1484233ms] [ERROR] Failed to load resource: net::ERR_BLOCKED_BY_CLIENT @ https://collector.github.com/github/collect:0
[ 1484395ms] [ERROR] Failed to load resource: net::ERR_BLOCKED_BY_CLIENT @ https://collector.github.com/github/collect:0
[ 1484482ms] [ERROR] Failed to load resource: net::ERR_BLOCKED_BY_CLIENT @ https://collector.github.com/github/collect:0
[ 1484584ms] [ERROR] Failed to load resource: net::ERR_BLOCKED_BY_CLIENT @ https://collector.github.com/github/collect:0
[ 1484741ms] [ERROR] Failed to load resource: net::ERR_BLOCKED_BY_CLIENT @ https://collector.github.com/github/collect:0
[ 1484829ms] [ERROR] Failed to load resource: net::ERR_BLOCKED_BY_CLIENT @ https://collector.github.com/github/collect:0
[ 1484913ms] [ERROR] Failed to load resource: net::ERR_BLOCKED_BY_CLIENT @ https://collector.github.com/github/collect:0
[ 1485000ms] [ERROR] Failed to load resource: net::ERR_BLOCKED_BY_CLIENT @ https://collector.github.com/github/collect:0
[ 1485177ms] [ERROR] Failed to load resource: net::ERR_BLOCKED_BY_CLIENT @ https://collector.github.com/github/collect:0
[ 1485260ms] [ERROR] Failed to load resource: net::ERR_BLOCKED_BY_CLIENT @ https://collector.github.com/github/collect:0
[ 1485347ms] [ERROR] Failed to load resource: net::ERR_BLOCKED_BY_CLIENT @ https://collector.github.com/github/collect:0
[ 1485431ms] [ERROR] Failed to load resource: net::ERR_BLOCKED_BY_CLIENT @ https://collector.github.com/github/collect:0
[ 1485610ms] [ERROR] Failed to load resource: net::ERR_BLOCKED_BY_CLIENT @ https://collector.github.com/github/collect:0
[ 1485695ms] [ERROR] Failed to load resource: net::ERR_BLOCKED_BY_CLIENT @ https://collector.github.com/github/collect:0
[ 1485780ms] [ERROR] Failed to load resource: net::ERR_BLOCKED_BY_CLIENT @ https://collector.github.com/github/collect:0
[ 1485866ms] [ERROR] Failed to load resource: net::ERR_BLOCKED_BY_CLIENT @ https://collector.github.com/github/collect:0
[ 1486043ms] [ERROR] Failed to load resource: net::ERR_BLOCKED_BY_CLIENT @ https://collector.github.com/github/collect:0
[ 1486130ms] [ERROR] Failed to load resource: net::ERR_BLOCKED_BY_CLIENT @ https://collector.github.com/github/collect:0
[ 1486215ms] [ERROR] Failed to load resource: net::ERR_BLOCKED_BY_CLIENT @ https://collector.github.com/github/collect:0
[ 1486496ms] [ERROR] Failed to load resource: net::ERR_BLOCKED_BY_CLIENT @ https://collector.github.com/github/collect:0
[ 1486831ms] [ERROR] Failed to load resource: net::ERR_BLOCKED_BY_CLIENT @ https://collector.github.com/github/collect:0
[ 1487014ms] [ERROR] Failed to load resource: net::ERR_BLOCKED_BY_CLIENT @ https://collector.github.com/github/collect:0
[ 1487100ms] [ERROR] Failed to load resource: net::ERR_BLOCKED_BY_CLIENT @ https://collector.github.com/github/collect:0
[ 1487195ms] [ERROR] Failed to load resource: net::ERR_BLOCKED_BY_CLIENT @ https://collector.github.com/github/collect:0
[ 1487283ms] [ERROR] Failed to load resource: net::ERR_BLOCKED_BY_CLIENT @ https://collector.github.com/github/collect:0
[ 1487375ms] [ERROR] Failed to load resource: net::ERR_BLOCKED_BY_CLIENT @ https://collector.github.com/github/collect:0
[ 1487464ms] [ERROR] Failed to load resource: net::ERR_BLOCKED_BY_CLIENT @ https://collector.github.com/github/collect:0
[ 1487575ms] [ERROR] Failed to load resource: net::ERR_BLOCKED_BY_CLIENT @ https://collector.github.com/github/collect:0
[ 1487646ms] [ERROR] Failed to load resource: net::ERR_BLOCKED_BY_CLIENT @ https://collector.github.com/github/collect:0
[ 1487734ms] [ERROR] Failed to load resource: net::ERR_BLOCKED_BY_CLIENT @ https://collector.github.com/github/collect:0
[ 1487826ms] [ERROR] Failed to load resource: net::ERR_BLOCKED_BY_CLIENT @ https://collector.github.com/github/collect:0
[ 1487912ms] [ERROR] Failed to load resource: net::ERR_BLOCKED_BY_CLIENT @ https://collector.github.com/github/collect:0
[ 1488000ms] [ERROR] Failed to load resource: net::ERR_BLOCKED_BY_CLIENT @ https://collector.github.com/github/collect:0
[ 1488109ms] [ERROR] Failed to load resource: net::ERR_BLOCKED_BY_CLIENT @ https://collector.github.com/github/collect:0
[ 1488178ms] [ERROR] Failed to load resource: net::ERR_BLOCKED_BY_CLIENT @ https://collector.github.com/github/collect:0
[ 1488262ms] [ERROR] Failed to load resource: net::ERR_BLOCKED_BY_CLIENT @ https://collector.github.com/github/collect:0
[ 1488367ms] [ERROR] Failed to load resource: net::ERR_BLOCKED_BY_CLIENT @ https://collector.github.com/github/collect:0
[ 1488441ms] [ERROR] Failed to load resource: net::ERR_BLOCKED_BY_CLIENT @ https://collector.github.com/github/collect:0
[ 1488530ms] [ERROR] Failed to load resource: net::ERR_BLOCKED_BY_CLIENT @ https://collector.github.com/github/collect:0
[ 1488615ms] [ERROR] Failed to load resource: net::ERR_BLOCKED_BY_CLIENT @ https://collector.github.com/github/collect:0
[ 1488725ms] [ERROR] Failed to load resource: net::ERR_BLOCKED_BY_CLIENT @ https://collector.github.com/github/collect:0
[ 1488794ms] [ERROR] Failed to load resource: net::ERR_BLOCKED_BY_CLIENT @ https://collector.github.com/github/collect:0
[ 1488881ms] [ERROR] Failed to load resource: net::ERR_BLOCKED_BY_CLIENT @ https://collector.github.com/github/collect:0
[ 1489144ms] [ERROR] Failed to load resource: net::ERR_BLOCKED_BY_CLIENT @ https://collector.github.com/github/collect:0
[ 1489229ms] [ERROR] Failed to load resource: net::ERR_BLOCKED_BY_CLIENT @ https://collector.github.com/github/collect:0
[ 1489314ms] [ERROR] Failed to load resource: net::ERR_BLOCKED_BY_CLIENT @ https://collector.github.com/github/collect:0
[ 1489400ms] [ERROR] Failed to load resource: net::ERR_BLOCKED_BY_CLIENT @ https://collector.github.com/github/collect:0
[ 1489662ms] [ERROR] Failed to load resource: net::ERR_BLOCKED_BY_CLIENT @ https://collector.github.com/github/collect:0
[ 1489747ms] [ERROR] Failed to load resource: net::ERR_BLOCKED_BY_CLIENT @ https://collector.github.com/github/collect:0
[ 1490010ms] [ERROR] Failed to load resource: net::ERR_BLOCKED_BY_CLIENT @ https://collector.github.com/github/collect:0
[ 1490491ms] [ERROR] Failed to load resource: net::ERR_BLOCKED_BY_CLIENT @ https://collector.github.com/github/collect:0
[ 1490581ms] [ERROR] Failed to load resource: net::ERR_BLOCKED_BY_CLIENT @ https://collector.github.com/github/collect:0
[ 1490664ms] [ERROR] Failed to load resource: net::ERR_BLOCKED_BY_CLIENT @ https://collector.github.com/github/collect:0
[ 1490764ms] [ERROR] Failed to load resource: net::ERR_BLOCKED_BY_CLIENT @ https://collector.github.com/github/collect:0
[ 1491010ms] [ERROR] Failed to load resource: net::ERR_BLOCKED_BY_CLIENT @ https://collector.github.com/github/collect:0
[ 1491096ms] [ERROR] Failed to load resource: net::ERR_BLOCKED_BY_CLIENT @ https://collector.github.com/github/collect:0
[ 1491182ms] [ERROR] Failed to load resource: net::ERR_BLOCKED_BY_CLIENT @ https://collector.github.com/github/collect:0
[ 1491444ms] [ERROR] Failed to load resource: net::ERR_BLOCKED_BY_CLIENT @ https://collector.github.com/github/collect:0
[ 1491529ms] [ERROR] Failed to load resource: net::ERR_BLOCKED_BY_CLIENT @ https://collector.github.com/github/collect:0
[ 1491613ms] [ERROR] Failed to load resource: net::ERR_BLOCKED_BY_CLIENT @ https://collector.github.com/github/collect:0
[ 1491698ms] [ERROR] Failed to load resource: net::ERR_BLOCKED_BY_CLIENT @ https://collector.github.com/github/collect:0
[ 1492043ms] [ERROR] Failed to load resource: net::ERR_BLOCKED_BY_CLIENT @ https://collector.github.com/github/collect:0
[ 1492130ms] [ERROR] Failed to load resource: net::ERR_BLOCKED_BY_CLIENT @ https://collector.github.com/github/collect:0
[ 1492213ms] [ERROR] Failed to load resource: net::ERR_BLOCKED_BY_CLIENT @ https://collector.github.com/github/collect:0
[ 1492297ms] [ERROR] Failed to load resource: net::ERR_BLOCKED_BY_CLIENT @ https://collector.github.com/github/collect:0
[ 1492380ms] [ERROR] Failed to load resource: net::ERR_BLOCKED_BY_CLIENT @ https://collector.github.com/github/collect:0
[ 1492463ms] [ERROR] Failed to load resource: net::ERR_BLOCKED_BY_CLIENT @ https://collector.github.com/github/collect:0
[ 1492547ms] [ERROR] Failed to load resource: net::ERR_BLOCKED_BY_CLIENT @ https://collector.github.com/github/collect:0
[ 1492630ms] [ERROR] Failed to load resource: net::ERR_BLOCKED_BY_CLIENT @ https://collector.github.com/github/collect:0
[ 1492712ms] [ERROR] Failed to load resource: net::ERR_BLOCKED_BY_CLIENT @ https://collector.github.com/github/collect:0
[ 1492797ms] [ERROR] Failed to load resource: net::ERR_BLOCKED_BY_CLIENT @ https://collector.github.com/github/collect:0
[ 1492878ms] [ERROR] Failed to load resource: net::ERR_BLOCKED_BY_CLIENT @ https://collector.github.com/github/collect:0
[ 1492961ms] [ERROR] Failed to load resource: net::ERR_BLOCKED_BY_CLIENT @ https://collector.github.com/github/collect:0
[ 1493043ms] [ERROR] Failed to load resource: net::ERR_BLOCKED_BY_CLIENT @ https://collector.github.com/github/collect:0
[ 1493209ms] [ERROR] Failed to load resource: net::ERR_BLOCKED_BY_CLIENT @ https://collector.github.com/github/collect:0
[ 1493376ms] [ERROR] Failed to load resource: net::ERR_BLOCKED_BY_CLIENT @ https://collector.github.com/github/collect:0
[ 1493474ms] [ERROR] Failed to load resource: net::ERR_BLOCKED_BY_CLIENT @ https://collector.github.com/github/collect:0
[ 1493534ms] [ERROR] Failed to load resource: net::ERR_BLOCKED_BY_CLIENT @ https://collector.github.com/github/collect:0
[ 1493614ms] [ERROR] Failed to load resource: net::ERR_BLOCKED_BY_CLIENT @ https://collector.github.com/github/collect:0
[ 1493700ms] [ERROR] Failed to load resource: net::ERR_BLOCKED_BY_CLIENT @ https://collector.github.com/github/collect:0
[ 1493779ms] [ERROR] Failed to load resource: net::ERR_BLOCKED_BY_CLIENT @ https://collector.github.com/github/collect:0
[ 1493859ms] [ERROR] Failed to load resource: net::ERR_BLOCKED_BY_CLIENT @ https://collector.github.com/github/collect:0
[ 1494031ms] [ERROR] Failed to load resource: net::ERR_BLOCKED_BY_CLIENT @ https://collector.github.com/github/collect:0
[ 1494095ms] [ERROR] Failed to load resource: net::ERR_BLOCKED_BY_CLIENT @ https://collector.github.com/github/collect:0
[ 1494264ms] [ERROR] Failed to load resource: net::ERR_BLOCKED_BY_CLIENT @ https://collector.github.com/github/collect:0
[ 1494327ms] [ERROR] Failed to load resource: net::ERR_BLOCKED_BY_CLIENT @ https://collector.github.com/github/collect:0
[ 1494484ms] [ERROR] Failed to load resource: net::ERR_BLOCKED_BY_CLIENT @ https://collector.github.com/github/collect:0
[ 1494562ms] [ERROR] Failed to load resource: net::ERR_BLOCKED_BY_CLIENT @ https://collector.github.com/github/collect:0
[ 1494714ms] [ERROR] Failed to load resource: net::ERR_BLOCKED_BY_CLIENT @ https://collector.github.com/github/collect:0
[ 1494808ms] [ERROR] Failed to load resource: net::ERR_BLOCKED_BY_CLIENT @ https://collector.github.com/github/collect:0
[ 1494881ms] [ERROR] Failed to load resource: net::ERR_BLOCKED_BY_CLIENT @ https://collector.github.com/github/collect:0
[ 1494945ms] [ERROR] Failed to load resource: net::ERR_BLOCKED_BY_CLIENT @ https://collector.github.com/github/collect:0
[ 1495043ms] [ERROR] Failed to load resource: net::ERR_BLOCKED_BY_CLIENT @ https://collector.github.com/github/collect:0
[ 1495115ms] [ERROR] Failed to load resource: net::ERR_BLOCKED_BY_CLIENT @ https://collector.github.com/github/collect:0
[ 1495181ms] [ERROR] Failed to load resource: net::ERR_BLOCKED_BY_CLIENT @ https://collector.github.com/github/collect:0
[ 1495273ms] [ERROR] Failed to load resource: net::ERR_BLOCKED_BY_CLIENT @ https://collector.github.com/github/collect:0
[ 1495348ms] [ERROR] Failed to load resource: net::ERR_BLOCKED_BY_CLIENT @ https://collector.github.com/github/collect:0
[ 1495412ms] [ERROR] Failed to load resource: net::ERR_BLOCKED_BY_CLIENT @ https://collector.github.com/github/collect:0
[ 1495567ms] [ERROR] Failed to load resource: net::ERR_BLOCKED_BY_CLIENT @ https://collector.github.com/github/collect:0
[ 1495643ms] [ERROR] Failed to load resource: net::ERR_BLOCKED_BY_CLIENT @ https://collector.github.com/github/collect:0
[ 1495731ms] [ERROR] Failed to load resource: net::ERR_BLOCKED_BY_CLIENT @ https://collector.github.com/github/collect:0
[ 1495797ms] [ERROR] Failed to load resource: net::ERR_BLOCKED_BY_CLIENT @ https://collector.github.com/github/collect:0
[ 1495948ms] [ERROR] Failed to load resource: net::ERR_BLOCKED_BY_CLIENT @ https://collector.github.com/github/collect:0
[ 1496099ms] [ERROR] Failed to load resource: net::ERR_BLOCKED_BY_CLIENT @ https://collector.github.com/github/collect:0
[ 1496249ms] [ERROR] Failed to load resource: net::ERR_BLOCKED_BY_CLIENT @ https://collector.github.com/github/collect:0
[ 1496397ms] [ERROR] Failed to load resource: net::ERR_BLOCKED_BY_CLIENT @ https://collector.github.com/github/collect:0
[ 1496628ms] [ERROR] Failed to load resource: net::ERR_BLOCKED_BY_CLIENT @ https://collector.github.com/github/collect:0
[ 1496698ms] [ERROR] Failed to load resource: net::ERR_BLOCKED_BY_CLIENT @ https://collector.github.com/github/collect:0
[ 1496781ms] [ERROR] Failed to load resource: net::ERR_BLOCKED_BY_CLIENT @ https://collector.github.com/github/collect:0
[ 1496931ms] [ERROR] Failed to load resource: net::ERR_BLOCKED_BY_CLIENT @ https://collector.github.com/github/collect:0
[ 1497009ms] [ERROR] Failed to load resource: net::ERR_BLOCKED_BY_CLIENT @ https://collector.github.com/github/collect:0
[ 1497083ms] [ERROR] Failed to load resource: net::ERR_BLOCKED_BY_CLIENT @ https://collector.github.com/github/collect:0
[ 1497178ms] [ERROR] Failed to load resource: net::ERR_BLOCKED_BY_CLIENT @ https://collector.github.com/github/collect:0
[ 1497314ms] [ERROR] Failed to load resource: net::ERR_BLOCKED_BY_CLIENT @ https://collector.github.com/github/collect:0
[ 1497463ms] [ERROR] Failed to load resource: net::ERR_BLOCKED_BY_CLIENT @ https://collector.github.com/github/collect:0
[ 1497551ms] [ERROR] Failed to load resource: net::ERR_BLOCKED_BY_CLIENT @ https://collector.github.com/github/collect:0
[ 1497610ms] [ERROR] Failed to load resource: net::ERR_BLOCKED_BY_CLIENT @ https://collector.github.com/github/collect:0
[ 1497681ms] [ERROR] Failed to load resource: net::ERR_BLOCKED_BY_CLIENT @ https://collector.github.com/github/collect:0
[ 1497760ms] [ERROR] Failed to load resource: net::ERR_BLOCKED_BY_CLIENT @ https://collector.github.com/github/collect:0
[ 1497834ms] [ERROR] Failed to load resource: net::ERR_BLOCKED_BY_CLIENT @ https://collector.github.com/github/collect:0
[ 1497925ms] [ERROR] Failed to load resource: net::ERR_BLOCKED_BY_CLIENT @ https://collector.github.com/github/collect:0
[ 1497984ms] [ERROR] Failed to load resource: net::ERR_BLOCKED_BY_CLIENT @ https://collector.github.com/github/collect:0
[ 1498060ms] [ERROR] Failed to load resource: net::ERR_BLOCKED_BY_CLIENT @ https://collector.github.com/github/collect:0
[ 1498134ms] [ERROR] Failed to load resource: net::ERR_BLOCKED_BY_CLIENT @ https://collector.github.com/github/collect:0
[ 1498211ms] [ERROR] Failed to load resource: net::ERR_BLOCKED_BY_CLIENT @ https://collector.github.com/github/collect:0
[ 1498284ms] [ERROR] Failed to load resource: net::ERR_BLOCKED_BY_CLIENT @ https://collector.github.com/github/collect:0
[ 1498360ms] [ERROR] Failed to load resource: net::ERR_BLOCKED_BY_CLIENT @ https://collector.github.com/github/collect:0
[ 1498449ms] [ERROR] Failed to load resource: net::ERR_BLOCKED_BY_CLIENT @ https://collector.github.com/github/collect:0
[ 1498511ms] [ERROR] Failed to load resource: net::ERR_BLOCKED_BY_CLIENT @ https://collector.github.com/github/collect:0
[ 1498583ms] [ERROR] Failed to load resource: net::ERR_BLOCKED_BY_CLIENT @ https://collector.github.com/github/collect:0
[ 1498660ms] [ERROR] Failed to load resource: net::ERR_BLOCKED_BY_CLIENT @ https://collector.github.com/github/collect:0
[ 1498732ms] [ERROR] Failed to load resource: net::ERR_BLOCKED_BY_CLIENT @ https://collector.github.com/github/collect:0
[ 1498881ms] [ERROR] Failed to load resource: net::ERR_BLOCKED_BY_CLIENT @ https://collector.github.com/github/collect:0
[ 1498977ms] [ERROR] Failed to load resource: net::ERR_BLOCKED_BY_CLIENT @ https://collector.github.com/github/collect:0
[ 1499179ms] [ERROR] Failed to load resource: net::ERR_BLOCKED_BY_CLIENT @ https://collector.github.com/github/collect:0
[ 1499249ms] [ERROR] Failed to load resource: net::ERR_BLOCKED_BY_CLIENT @ https://collector.github.com/github/collect:0
[ 1499325ms] [ERROR] Failed to load resource: net::ERR_BLOCKED_BY_CLIENT @ https://collector.github.com/github/collect:0
[ 1499400ms] [ERROR] Failed to load resource: net::ERR_BLOCKED_BY_CLIENT @ https://collector.github.com/github/collect:0
[ 1499545ms] [ERROR] Failed to load resource: net::ERR_BLOCKED_BY_CLIENT @ https://collector.github.com/github/collect:0
[ 1499616ms] [ERROR] Failed to load resource: net::ERR_BLOCKED_BY_CLIENT @ https://collector.github.com/github/collect:0
[ 1499709ms] [ERROR] Failed to load resource: net::ERR_BLOCKED_BY_CLIENT @ https://collector.github.com/github/collect:0
[ 1499766ms] [ERROR] Failed to load resource: net::ERR_BLOCKED_BY_CLIENT @ https://collector.github.com/github/collect:0
[ 1499914ms] [ERROR] Failed to load resource: net::ERR_BLOCKED_BY_CLIENT @ https://collector.github.com/github/collect:0
[ 1500063ms] [ERROR] Failed to load resource: net::ERR_BLOCKED_BY_CLIENT @ https://collector.github.com/github/collect:0
[ 1500151ms] [ERROR] Failed to load resource: net::ERR_BLOCKED_BY_CLIENT @ https://collector.github.com/github/collect:0
[ 1500211ms] [ERROR] Failed to load resource: net::ERR_BLOCKED_BY_CLIENT @ https://collector.github.com/github/collect:0
[ 1500283ms] [ERROR] Failed to load resource: net::ERR_BLOCKED_BY_CLIENT @ https://collector.github.com/github/collect:0
[ 1500360ms] [ERROR] Failed to load resource: net::ERR_BLOCKED_BY_CLIENT @ https://collector.github.com/github/collect:0
[ 1500432ms] [ERROR] Failed to load resource: net::ERR_BLOCKED_BY_CLIENT @ https://collector.github.com/github/collect:0
[ 1500509ms] [ERROR] Failed to load resource: net::ERR_BLOCKED_BY_CLIENT @ https://collector.github.com/github/collect:0
[ 1500662ms] [ERROR] Failed to load resource: net::ERR_BLOCKED_BY_CLIENT @ https://collector.github.com/github/collect:0
[ 1500734ms] [ERROR] Failed to load resource: net::ERR_BLOCKED_BY_CLIENT @ https://collector.github.com/github/collect:0
[ 1500811ms] [ERROR] Failed to load resource: net::ERR_BLOCKED_BY_CLIENT @ https://collector.github.com/github/collect:0
[ 1500977ms] [ERROR] Failed to load resource: net::ERR_BLOCKED_BY_CLIENT @ https://collector.github.com/github/collect:0
[ 1501200ms] [ERROR] Failed to load resource: net::ERR_BLOCKED_BY_CLIENT @ https://collector.github.com/github/collect:0
[ 1501276ms] [ERROR] Failed to load resource: net::ERR_BLOCKED_BY_CLIENT @ https://collector.github.com/github/collect:0
[ 1501449ms] [ERROR] Failed to load resource: net::ERR_BLOCKED_BY_CLIENT @ https://collector.github.com/github/collect:0
[ 1501511ms] [ERROR] Failed to load resource: net::ERR_BLOCKED_BY_CLIENT @ https://collector.github.com/github/collect:0
[ 1501611ms] [ERROR] Failed to load resource: net::ERR_BLOCKED_BY_CLIENT @ https://collector.github.com/github/collect:0
[ 1501767ms] [ERROR] Failed to load resource: net::ERR_BLOCKED_BY_CLIENT @ https://collector.github.com/github/collect:0
[ 1501829ms] [ERROR] Failed to load resource: net::ERR_BLOCKED_BY_CLIENT @ https://collector.github.com/github/collect:0
[ 1502063ms] [ERROR] Failed to load resource: net::ERR_BLOCKED_BY_CLIENT @ https://collector.github.com/github/collect:0
[ 1502142ms] [ERROR] Failed to load resource: net::ERR_BLOCKED_BY_CLIENT @ https://collector.github.com/github/collect:0
[ 1502298ms] [ERROR] Failed to load resource: net::ERR_BLOCKED_BY_CLIENT @ https://collector.github.com/github/collect:0
[ 1502392ms] [ERROR] Failed to load resource: net::ERR_BLOCKED_BY_CLIENT @ https://collector.github.com/github/collect:0
[ 1502465ms] [ERROR] Failed to load resource: net::ERR_BLOCKED_BY_CLIENT @ https://collector.github.com/github/collect:0
[ 1502530ms] [ERROR] Failed to load resource: net::ERR_BLOCKED_BY_CLIENT @ https://collector.github.com/github/collect:0
[ 1502610ms] [ERROR] Failed to load resource: net::ERR_BLOCKED_BY_CLIENT @ https://collector.github.com/github/collect:0
[ 1502783ms] [ERROR] Failed to load resource: net::ERR_BLOCKED_BY_CLIENT @ https://collector.github.com/github/collect:0
[ 1502846ms] [ERROR] Failed to load resource: net::ERR_BLOCKED_BY_CLIENT @ https://collector.github.com/github/collect:0
[ 1502930ms] [ERROR] Failed to load resource: net::ERR_BLOCKED_BY_CLIENT @ https://collector.github.com/github/collect:0
[ 1503027ms] [ERROR] Failed to load resource: net::ERR_BLOCKED_BY_CLIENT @ https://collector.github.com/github/collect:0
[ 1503248ms] [ERROR] Failed to load resource: net::ERR_BLOCKED_BY_CLIENT @ https://collector.github.com/github/collect:0
[ 1503325ms] [ERROR] Failed to load resource: net::ERR_BLOCKED_BY_CLIENT @ https://collector.github.com/github/collect:0
[ 1503422ms] [ERROR] Failed to load resource: net::ERR_BLOCKED_BY_CLIENT @ https://collector.github.com/github/collect:0
[ 1503484ms] [ERROR] Failed to load resource: net::ERR_BLOCKED_BY_CLIENT @ https://collector.github.com/github/collect:0
[ 1503562ms] [ERROR] Failed to load resource: net::ERR_BLOCKED_BY_CLIENT @ https://collector.github.com/github/collect:0
[ 1503643ms] [ERROR] Failed to load resource: net::ERR_BLOCKED_BY_CLIENT @ https://collector.github.com/github/collect:0
[ 1503741ms] [ERROR] Failed to load resource: net::ERR_BLOCKED_BY_CLIENT @ https://collector.github.com/github/collect:0
[ 1503815ms] [ERROR] Failed to load resource: net::ERR_BLOCKED_BY_CLIENT @ https://collector.github.com/github/collect:0
[ 1503882ms] [ERROR] Failed to load resource: net::ERR_BLOCKED_BY_CLIENT @ https://collector.github.com/github/collect:0
[ 1503960ms] [ERROR] Failed to load resource: net::ERR_BLOCKED_BY_CLIENT @ https://collector.github.com/github/collect:0
[ 1504041ms] [ERROR] Failed to load resource: net::ERR_BLOCKED_BY_CLIENT @ https://collector.github.com/github/collect:0
[ 1504134ms] [ERROR] Failed to load resource: net::ERR_BLOCKED_BY_CLIENT @ https://collector.github.com/github/collect:0
[ 1504198ms] [ERROR] Failed to load resource: net::ERR_BLOCKED_BY_CLIENT @ https://collector.github.com/github/collect:0
[ 1504277ms] [ERROR] Failed to load resource: net::ERR_BLOCKED_BY_CLIENT @ https://collector.github.com/github/collect:0
[ 1504373ms] [ERROR] Failed to load resource: net::ERR_BLOCKED_BY_CLIENT @ https://collector.github.com/github/collect:0
[ 1504433ms] [ERROR] Failed to load resource: net::ERR_BLOCKED_BY_CLIENT @ https://collector.github.com/github/collect:0
[ 1504514ms] [ERROR] Failed to load resource: net::ERR_BLOCKED_BY_CLIENT @ https://collector.github.com/github/collect:0
[ 1504592ms] [ERROR] Failed to load resource: net::ERR_BLOCKED_BY_CLIENT @ https://collector.github.com/github/collect:0
[ 1504691ms] [ERROR] Failed to load resource: net::ERR_BLOCKED_BY_CLIENT @ https://collector.github.com/github/collect:0
[ 1504768ms] [ERROR] Failed to load resource: net::ERR_BLOCKED_BY_CLIENT @ https://collector.github.com/github/collect:0
[ 1504830ms] [ERROR] Failed to load resource: net::ERR_BLOCKED_BY_CLIENT @ https://collector.github.com/github/collect:0
[ 1504909ms] [ERROR] Failed to load resource: net::ERR_BLOCKED_BY_CLIENT @ https://collector.github.com/github/collect:0
[ 1505064ms] [ERROR] Failed to load resource: net::ERR_BLOCKED_BY_CLIENT @ https://collector.github.com/github/collect:0
[ 1505234ms] [ERROR] Failed to load resource: net::ERR_BLOCKED_BY_CLIENT @ https://collector.github.com/github/collect:0
[ 1505296ms] [ERROR] Failed to load resource: net::ERR_BLOCKED_BY_CLIENT @ https://collector.github.com/github/collect:0
[ 1505446ms] [ERROR] Failed to load resource: net::ERR_BLOCKED_BY_CLIENT @ https://collector.github.com/github/collect:0
[ 1505598ms] [ERROR] Failed to load resource: net::ERR_BLOCKED_BY_CLIENT @ https://collector.github.com/github/collect:0
[ 1505747ms] [ERROR] Failed to load resource: net::ERR_BLOCKED_BY_CLIENT @ https://collector.github.com/github/collect:0
[ 1505842ms] [ERROR] Failed to load resource: net::ERR_BLOCKED_BY_CLIENT @ https://collector.github.com/github/collect:0
[ 1505897ms] [ERROR] Failed to load resource: net::ERR_BLOCKED_BY_CLIENT @ https://collector.github.com/github/collect:0
[ 1505977ms] [ERROR] Failed to load resource: net::ERR_BLOCKED_BY_CLIENT @ https://collector.github.com/github/collect:0
[ 1506067ms] [ERROR] Failed to load resource: net::ERR_BLOCKED_BY_CLIENT @ https://collector.github.com/github/collect:0
[ 1506131ms] [ERROR] Failed to load resource: net::ERR_BLOCKED_BY_CLIENT @ https://collector.github.com/github/collect:0
[ 1506208ms] [ERROR] Failed to load resource: net::ERR_BLOCKED_BY_CLIENT @ https://collector.github.com/github/collect:0
[ 1506284ms] [ERROR] Failed to load resource: net::ERR_BLOCKED_BY_CLIENT @ https://collector.github.com/github/collect:0
[ 1506362ms] [ERROR] Failed to load resource: net::ERR_BLOCKED_BY_CLIENT @ https://collector.github.com/github/collect:0
[ 1506442ms] [ERROR] Failed to load resource: net::ERR_BLOCKED_BY_CLIENT @ https://collector.github.com/github/collect:0
[ 1506518ms] [ERROR] Failed to load resource: net::ERR_BLOCKED_BY_CLIENT @ https://collector.github.com/github/collect:0
[ 1506597ms] [ERROR] Failed to load resource: net::ERR_BLOCKED_BY_CLIENT @ https://collector.github.com/github/collect:0
[ 1506677ms] [ERROR] Failed to load resource: net::ERR_BLOCKED_BY_CLIENT @ https://collector.github.com/github/collect:0
[ 1506775ms] [ERROR] Failed to load resource: net::ERR_BLOCKED_BY_CLIENT @ https://collector.github.com/github/collect:0
[ 1506849ms] [ERROR] Failed to load resource: net::ERR_BLOCKED_BY_CLIENT @ https://collector.github.com/github/collect:0
[ 1506914ms] [ERROR] Failed to load resource: net::ERR_BLOCKED_BY_CLIENT @ https://collector.github.com/github/collect:0
[ 1506994ms] [ERROR] Failed to load resource: net::ERR_BLOCKED_BY_CLIENT @ https://collector.github.com/github/collect:0
[ 1507166ms] [ERROR] Failed to load resource: net::ERR_BLOCKED_BY_CLIENT @ https://collector.github.com/github/collect:0
[ 1507230ms] [ERROR] Failed to load resource: net::ERR_BLOCKED_BY_CLIENT @ https://collector.github.com/github/collect:0
[ 1507308ms] [ERROR] Failed to load resource: net::ERR_BLOCKED_BY_CLIENT @ https://collector.github.com/github/collect:0
[ 1507463ms] [ERROR] Failed to load resource: net::ERR_BLOCKED_BY_CLIENT @ https://collector.github.com/github/collect:0
[ 1507542ms] [ERROR] Failed to load resource: net::ERR_BLOCKED_BY_CLIENT @ https://collector.github.com/github/collect:0
[ 1507697ms] [ERROR] Failed to load resource: net::ERR_BLOCKED_BY_CLIENT @ https://collector.github.com/github/collect:0
[ 1507867ms] [ERROR] Failed to load resource: net::ERR_BLOCKED_BY_CLIENT @ https://collector.github.com/github/collect:0
[ 1507931ms] [ERROR] Failed to load resource: net::ERR_BLOCKED_BY_CLIENT @ https://collector.github.com/github/collect:0
[ 1508016ms] [ERROR] Failed to load resource: net::ERR_BLOCKED_BY_CLIENT @ https://collector.github.com/github/collect:0
[ 1508100ms] [ERROR] Failed to load resource: net::ERR_BLOCKED_BY_CLIENT @ https://collector.github.com/github/collect:0
[ 1508180ms] [ERROR] Failed to load resource: net::ERR_BLOCKED_BY_CLIENT @ https://collector.github.com/github/collect:0
[ 1508409ms] [ERROR] Failed to load resource: net::ERR_BLOCKED_BY_CLIENT @ https://collector.github.com/github/collect:0
[ 1508500ms] [ERROR] Failed to load resource: net::ERR_BLOCKED_BY_CLIENT @ https://collector.github.com/github/collect:0
[ 1508561ms] [ERROR] Failed to load resource: net::ERR_BLOCKED_BY_CLIENT @ https://collector.github.com/github/collect:0
[ 1508646ms] [ERROR] Failed to load resource: net::ERR_BLOCKED_BY_CLIENT @ https://collector.github.com/github/collect:0
[ 1508797ms] [ERROR] Failed to load resource: net::ERR_BLOCKED_BY_CLIENT @ https://collector.github.com/github/collect:0
[ 1508878ms] [ERROR] Failed to load resource: net::ERR_BLOCKED_BY_CLIENT @ https://collector.github.com/github/collect:0
[ 1508976ms] [ERROR] Failed to load resource: net::ERR_BLOCKED_BY_CLIENT @ https://collector.github.com/github/collect:0
[ 1509116ms] [ERROR] Failed to load resource: net::ERR_BLOCKED_BY_CLIENT @ https://collector.github.com/github/collect:0
[ 1509196ms] [ERROR] Failed to load resource: net::ERR_BLOCKED_BY_CLIENT @ https://collector.github.com/github/collect:0
[ 1509277ms] [ERROR] Failed to load resource: net::ERR_BLOCKED_BY_CLIENT @ https://collector.github.com/github/collect:0
[ 1509347ms] [ERROR] Failed to load resource: net::ERR_BLOCKED_BY_CLIENT @ https://collector.github.com/github/collect:0
[ 1509492ms] [ERROR] Failed to load resource: net::ERR_BLOCKED_BY_CLIENT @ https://collector.github.com/github/collect:0
[ 1509562ms] [ERROR] Failed to load resource: net::ERR_BLOCKED_BY_CLIENT @ https://collector.github.com/github/collect:0
[ 1509628ms] [ERROR] Failed to load resource: net::ERR_BLOCKED_BY_CLIENT @ https://collector.github.com/github/collect:0
[ 1509697ms] [ERROR] Failed to load resource: net::ERR_BLOCKED_BY_CLIENT @ https://collector.github.com/github/collect:0
[ 1509784ms] [ERROR] Failed to load resource: net::ERR_BLOCKED_BY_CLIENT @ https://collector.github.com/github/collect:0
[ 1510000ms] [ERROR] Failed to load resource: net::ERR_BLOCKED_BY_CLIENT @ https://collector.github.com/github/collect:0
[ 1510063ms] [ERROR] Failed to load resource: net::ERR_BLOCKED_BY_CLIENT @ https://collector.github.com/github/collect:0
[ 1510132ms] [ERROR] Failed to load resource: net::ERR_BLOCKED_BY_CLIENT @ https://collector.github.com/github/collect:0
[ 1510280ms] [ERROR] Failed to load resource: net::ERR_BLOCKED_BY_CLIENT @ https://collector.github.com/github/collect:0
[ 1510375ms] [ERROR] Failed to load resource: net::ERR_BLOCKED_BY_CLIENT @ https://collector.github.com/github/collect:0
[ 1510450ms] [ERROR] Failed to load resource: net::ERR_BLOCKED_BY_CLIENT @ https://collector.github.com/github/collect:0
[ 1510533ms] [ERROR] Failed to load resource: net::ERR_BLOCKED_BY_CLIENT @ https://collector.github.com/github/collect:0
[ 1510617ms] [ERROR] Failed to load resource: net::ERR_BLOCKED_BY_CLIENT @ https://collector.github.com/github/collect:0
[ 1510778ms] [ERROR] Failed to load resource: net::ERR_BLOCKED_BY_CLIENT @ https://collector.github.com/github/collect:0
[ 1510864ms] [ERROR] Failed to load resource: net::ERR_BLOCKED_BY_CLIENT @ https://collector.github.com/github/collect:0
[ 1511133ms] [ERROR] Failed to load resource: net::ERR_BLOCKED_BY_CLIENT @ https://collector.github.com/github/collect:0
[ 1511242ms] [ERROR] Failed to load resource: net::ERR_BLOCKED_BY_CLIENT @ https://collector.github.com/github/collect:0
[ 1511412ms] [ERROR] Failed to load resource: net::ERR_BLOCKED_BY_CLIENT @ https://collector.github.com/github/collect:0
[ 1511597ms] [ERROR] Failed to load resource: net::ERR_BLOCKED_BY_CLIENT @ https://collector.github.com/github/collect:0
[ 1511679ms] [ERROR] Failed to load resource: net::ERR_BLOCKED_BY_CLIENT @ https://collector.github.com/github/collect:0
[ 1511866ms] [ERROR] Failed to load resource: net::ERR_BLOCKED_BY_CLIENT @ https://collector.github.com/github/collect:0
[ 1512049ms] [ERROR] Failed to load resource: net::ERR_BLOCKED_BY_CLIENT @ https://collector.github.com/github/collect:0
[ 1512143ms] [ERROR] Failed to load resource: net::ERR_BLOCKED_BY_CLIENT @ https://collector.github.com/github/collect:0
[ 1512330ms] [ERROR] Failed to load resource: net::ERR_BLOCKED_BY_CLIENT @ https://collector.github.com/github/collect:0
[ 1512512ms] [ERROR] Failed to load resource: net::ERR_BLOCKED_BY_CLIENT @ https://collector.github.com/github/collect:0
[ 1512697ms] [ERROR] Failed to load resource: net::ERR_BLOCKED_BY_CLIENT @ https://collector.github.com/github/collect:0
[ 1512810ms] [ERROR] Failed to load resource: net::ERR_BLOCKED_BY_CLIENT @ https://collector.github.com/github/collect:0
[ 1512882ms] [ERROR] Failed to load resource: net::ERR_BLOCKED_BY_CLIENT @ https://collector.github.com/github/collect:0
[ 1512978ms] [ERROR] Failed to load resource: net::ERR_BLOCKED_BY_CLIENT @ https://collector.github.com/github/collect:0
[ 1513067ms] [ERROR] Failed to load resource: net::ERR_BLOCKED_BY_CLIENT @ https://collector.github.com/github/collect:0
[ 1513161ms] [ERROR] Failed to load resource: net::ERR_BLOCKED_BY_CLIENT @ https://collector.github.com/github/collect:0
[ 1513251ms] [ERROR] Failed to load resource: net::ERR_BLOCKED_BY_CLIENT @ https://collector.github.com/github/collect:0
[ 1513343ms] [ERROR] Failed to load resource: net::ERR_BLOCKED_BY_CLIENT @ https://collector.github.com/github/collect:0
[ 1513433ms] [ERROR] Failed to load resource: net::ERR_BLOCKED_BY_CLIENT @ https://collector.github.com/github/collect:0
[ 1513528ms] [ERROR] Failed to load resource: net::ERR_BLOCKED_BY_CLIENT @ https://collector.github.com/github/collect:0
[ 1513713ms] [ERROR] Failed to load resource: net::ERR_BLOCKED_BY_CLIENT @ https://collector.github.com/github/collect:0
[ 1513901ms] [ERROR] Failed to load resource: net::ERR_BLOCKED_BY_CLIENT @ https://collector.github.com/github/collect:0
[ 1514083ms] [ERROR] Failed to load resource: net::ERR_BLOCKED_BY_CLIENT @ https://collector.github.com/github/collect:0
[ 1514264ms] [ERROR] Failed to load resource: net::ERR_BLOCKED_BY_CLIENT @ https://collector.github.com/github/collect:0
[ 1514349ms] [ERROR] Failed to load resource: net::ERR_BLOCKED_BY_CLIENT @ https://collector.github.com/github/collect:0
[ 1514442ms] [ERROR] Failed to load resource: net::ERR_BLOCKED_BY_CLIENT @ https://collector.github.com/github/collect:0
[ 1514529ms] [ERROR] Failed to load resource: net::ERR_BLOCKED_BY_CLIENT @ https://collector.github.com/github/collect:0
[ 1514712ms] [ERROR] Failed to load resource: net::ERR_BLOCKED_BY_CLIENT @ https://collector.github.com/github/collect:0
[ 1514897ms] [ERROR] Failed to load resource: net::ERR_BLOCKED_BY_CLIENT @ https://collector.github.com/github/collect:0
[ 1515081ms] [ERROR] Failed to load resource: net::ERR_BLOCKED_BY_CLIENT @ https://collector.github.com/github/collect:0
[ 1515264ms] [ERROR] Failed to load resource: net::ERR_BLOCKED_BY_CLIENT @ https://collector.github.com/github/collect:0
[ 1515453ms] [ERROR] Failed to load resource: net::ERR_BLOCKED_BY_CLIENT @ https://collector.github.com/github/collect:0
[ 1515530ms] [ERROR] Failed to load resource: net::ERR_BLOCKED_BY_CLIENT @ https://collector.github.com/github/collect:0
[ 1515613ms] [ERROR] Failed to load resource: net::ERR_BLOCKED_BY_CLIENT @ https://collector.github.com/github/collect:0
[ 1515879ms] [ERROR] Failed to load resource: net::ERR_BLOCKED_BY_CLIENT @ https://collector.github.com/github/collect:0
[ 1515966ms] [ERROR] Failed to load resource: net::ERR_BLOCKED_BY_CLIENT @ https://collector.github.com/github/collect:0
[ 1516062ms] [ERROR] Failed to load resource: net::ERR_BLOCKED_BY_CLIENT @ https://collector.github.com/github/collect:0
[ 1516245ms] [ERROR] Failed to load resource: net::ERR_BLOCKED_BY_CLIENT @ https://collector.github.com/github/collect:0
[ 1516351ms] [ERROR] Failed to load resource: net::ERR_BLOCKED_BY_CLIENT @ https://collector.github.com/github/collect:0
[ 1516427ms] [ERROR] Failed to load resource: net::ERR_BLOCKED_BY_CLIENT @ https://collector.github.com/github/collect:0
[ 1516543ms] [ERROR] Failed to load resource: net::ERR_BLOCKED_BY_CLIENT @ https://collector.github.com/github/collect:0
[ 1516614ms] [ERROR] Failed to load resource: net::ERR_BLOCKED_BY_CLIENT @ https://collector.github.com/github/collect:0
[ 1516728ms] [ERROR] Failed to load resource: net::ERR_BLOCKED_BY_CLIENT @ https://collector.github.com/github/collect:0
[ 1516801ms] [ERROR] Failed to load resource: net::ERR_BLOCKED_BY_CLIENT @ https://collector.github.com/github/collect:0
[ 1516893ms] [ERROR] Failed to load resource: net::ERR_BLOCKED_BY_CLIENT @ https://collector.github.com/github/collect:0
[ 1516982ms] [ERROR] Failed to load resource: net::ERR_BLOCKED_BY_CLIENT @ https://collector.github.com/github/collect:0
[ 1517077ms] [ERROR] Failed to load resource: net::ERR_BLOCKED_BY_CLIENT @ https://collector.github.com/github/collect:0
[ 1517185ms] [ERROR] Failed to load resource: net::ERR_BLOCKED_BY_CLIENT @ https://collector.github.com/github/collect:0
[ 1517261ms] [ERROR] Failed to load resource: net::ERR_BLOCKED_BY_CLIENT @ https://collector.github.com/github/collect:0
[ 1517350ms] [ERROR] Failed to load resource: net::ERR_BLOCKED_BY_CLIENT @ https://collector.github.com/github/collect:0
[ 1517445ms] [ERROR] Failed to load resource: net::ERR_BLOCKED_BY_CLIENT @ https://collector.github.com/github/collect:0
[ 1517533ms] [ERROR] Failed to load resource: net::ERR_BLOCKED_BY_CLIENT @ https://collector.github.com/github/collect:0
[ 1517626ms] [ERROR] Failed to load resource: net::ERR_BLOCKED_BY_CLIENT @ https://collector.github.com/github/collect:0
[ 1517715ms] [ERROR] Failed to load resource: net::ERR_BLOCKED_BY_CLIENT @ https://collector.github.com/github/collect:0
[ 1517818ms] [ERROR] Failed to load resource: net::ERR_BLOCKED_BY_CLIENT @ https://collector.github.com/github/collect:0
[ 1517892ms] [ERROR] Failed to load resource: net::ERR_BLOCKED_BY_CLIENT @ https://collector.github.com/github/collect:0
[ 1517979ms] [ERROR] Failed to load resource: net::ERR_BLOCKED_BY_CLIENT @ https://collector.github.com/github/collect:0
[ 1518247ms] [ERROR] Failed to load resource: net::ERR_BLOCKED_BY_CLIENT @ https://collector.github.com/github/collect:0
[ 1518334ms] [ERROR] Failed to load resource: net::ERR_BLOCKED_BY_CLIENT @ https://collector.github.com/github/collect:0
[ 1518595ms] [ERROR] Failed to load resource: net::ERR_BLOCKED_BY_CLIENT @ https://collector.github.com/github/collect:0
[ 1518681ms] [ERROR] Failed to load resource: net::ERR_BLOCKED_BY_CLIENT @ https://collector.github.com/github/collect:0
[ 1518765ms] [ERROR] Failed to load resource: net::ERR_BLOCKED_BY_CLIENT @ https://collector.github.com/github/collect:0
[ 1519048ms] [ERROR] Failed to load resource: net::ERR_BLOCKED_BY_CLIENT @ https://collector.github.com/github/collect:0
[ 1519214ms] [ERROR] Failed to load resource: net::ERR_BLOCKED_BY_CLIENT @ https://collector.github.com/github/collect:0
[ 1519300ms] [ERROR] Failed to load resource: net::ERR_BLOCKED_BY_CLIENT @ https://collector.github.com/github/collect:0
[ 1519481ms] [ERROR] Failed to load resource: net::ERR_BLOCKED_BY_CLIENT @ https://collector.github.com/github/collect:0
[ 1519566ms] [ERROR] Failed to load resource: net::ERR_BLOCKED_BY_CLIENT @ https://collector.github.com/github/collect:0
[ 1519747ms] [ERROR] Failed to load resource: net::ERR_BLOCKED_BY_CLIENT @ https://collector.github.com/github/collect:0
[ 1519832ms] [ERROR] Failed to load resource: net::ERR_BLOCKED_BY_CLIENT @ https://collector.github.com/github/collect:0
[ 1520011ms] [ERROR] Failed to load resource: net::ERR_BLOCKED_BY_CLIENT @ https://collector.github.com/github/collect:0
[ 1520097ms] [ERROR] Failed to load resource: net::ERR_BLOCKED_BY_CLIENT @ https://collector.github.com/github/collect:0
[ 1520184ms] [ERROR] Failed to load resource: net::ERR_BLOCKED_BY_CLIENT @ https://collector.github.com/github/collect:0
[ 1520362ms] [ERROR] Failed to load resource: net::ERR_BLOCKED_BY_CLIENT @ https://collector.github.com/github/collect:0
[ 1520447ms] [ERROR] Failed to load resource: net::ERR_BLOCKED_BY_CLIENT @ https://collector.github.com/github/collect:0
[ 1520532ms] [ERROR] Failed to load resource: net::ERR_BLOCKED_BY_CLIENT @ https://collector.github.com/github/collect:0
[ 1520634ms] [ERROR] Failed to load resource: net::ERR_BLOCKED_BY_CLIENT @ https://collector.github.com/github/collect:0
[ 1520792ms] [ERROR] Failed to load resource: net::ERR_BLOCKED_BY_CLIENT @ https://collector.github.com/github/collect:0
[ 1520893ms] [ERROR] Failed to load resource: net::ERR_BLOCKED_BY_CLIENT @ https://collector.github.com/github/collect:0
[ 1520959ms] [ERROR] Failed to load resource: net::ERR_BLOCKED_BY_CLIENT @ https://collector.github.com/github/collect:0
[ 1521046ms] [ERROR] Failed to load resource: net::ERR_BLOCKED_BY_CLIENT @ https://collector.github.com/github/collect:0
[ 1521133ms] [ERROR] Failed to load resource: net::ERR_BLOCKED_BY_CLIENT @ https://collector.github.com/github/collect:0
[ 1521394ms] [ERROR] Failed to load resource: net::ERR_BLOCKED_BY_CLIENT @ https://collector.github.com/github/collect:0
[ 1521478ms] [ERROR] Failed to load resource: net::ERR_BLOCKED_BY_CLIENT @ https://collector.github.com/github/collect:0
[ 1521566ms] [ERROR] Failed to load resource: net::ERR_BLOCKED_BY_CLIENT @ https://collector.github.com/github/collect:0
[ 1521679ms] [ERROR] Failed to load resource: net::ERR_BLOCKED_BY_CLIENT @ https://collector.github.com/github/collect:0
[ 1521743ms] [ERROR] Failed to load resource: net::ERR_BLOCKED_BY_CLIENT @ https://collector.github.com/github/collect:0
[ 1521994ms] [ERROR] Failed to load resource: net::ERR_BLOCKED_BY_CLIENT @ https://collector.github.com/github/collect:0
[ 1522075ms] [ERROR] Failed to load resource: net::ERR_BLOCKED_BY_CLIENT @ https://collector.github.com/github/collect:0
[ 1522163ms] [ERROR] Failed to load resource: net::ERR_BLOCKED_BY_CLIENT @ https://collector.github.com/github/collect:0
[ 1522344ms] [ERROR] Failed to load resource: net::ERR_BLOCKED_BY_CLIENT @ https://collector.github.com/github/collect:0
[ 1522429ms] [ERROR] Failed to load resource: net::ERR_BLOCKED_BY_CLIENT @ https://collector.github.com/github/collect:0
[ 1522518ms] [ERROR] Failed to load resource: net::ERR_BLOCKED_BY_CLIENT @ https://collector.github.com/github/collect:0
[ 1522715ms] [ERROR] Failed to load resource: net::ERR_BLOCKED_BY_CLIENT @ https://collector.github.com/github/collect:0
[ 1522978ms] [ERROR] Failed to load resource: net::ERR_BLOCKED_BY_CLIENT @ https://collector.github.com/github/collect:0
[ 1523161ms] [ERROR] Failed to load resource: net::ERR_BLOCKED_BY_CLIENT @ https://collector.github.com/github/collect:0
[ 1523248ms] [ERROR] Failed to load resource: net::ERR_BLOCKED_BY_CLIENT @ https://collector.github.com/github/collect:0
[ 1523431ms] [ERROR] Failed to load resource: net::ERR_BLOCKED_BY_CLIENT @ https://collector.github.com/github/collect:0
[ 1523613ms] [ERROR] Failed to load resource: net::ERR_BLOCKED_BY_CLIENT @ https://collector.github.com/github/collect:0
[ 1523701ms] [ERROR] Failed to load resource: net::ERR_BLOCKED_BY_CLIENT @ https://collector.github.com/github/collect:0
[ 1523810ms] [ERROR] Failed to load resource: net::ERR_BLOCKED_BY_CLIENT @ https://collector.github.com/github/collect:0
[ 1523881ms] [ERROR] Failed to load resource: net::ERR_BLOCKED_BY_CLIENT @ https://collector.github.com/github/collect:0
[ 1523992ms] [ERROR] Failed to load resource: net::ERR_BLOCKED_BY_CLIENT @ https://collector.github.com/github/collect:0
[ 1524064ms] [ERROR] Failed to load resource: net::ERR_BLOCKED_BY_CLIENT @ https://collector.github.com/github/collect:0
[ 1524266ms] [ERROR] Failed to load resource: net::ERR_BLOCKED_BY_CLIENT @ https://collector.github.com/github/collect:0
[ 1524346ms] [ERROR] Failed to load resource: net::ERR_BLOCKED_BY_CLIENT @ https://collector.github.com/github/collect:0
[ 1524434ms] [ERROR] Failed to load resource: net::ERR_BLOCKED_BY_CLIENT @ https://collector.github.com/github/collect:0
[ 1524528ms] [ERROR] Failed to load resource: net::ERR_BLOCKED_BY_CLIENT @ https://collector.github.com/github/collect:0
[ 1524714ms] [ERROR] Failed to load resource: net::ERR_BLOCKED_BY_CLIENT @ https://collector.github.com/github/collect:0
[ 1524800ms] [ERROR] Failed to load resource: net::ERR_BLOCKED_BY_CLIENT @ https://collector.github.com/github/collect:0
[ 1524894ms] [ERROR] Failed to load resource: net::ERR_BLOCKED_BY_CLIENT @ https://collector.github.com/github/collect:0
[ 1524983ms] [ERROR] Failed to load resource: net::ERR_BLOCKED_BY_CLIENT @ https://collector.github.com/github/collect:0
[ 1525078ms] [ERROR] Failed to load resource: net::ERR_BLOCKED_BY_CLIENT @ https://collector.github.com/github/collect:0
[ 1525168ms] [ERROR] Failed to load resource: net::ERR_BLOCKED_BY_CLIENT @ https://collector.github.com/github/collect:0
[ 1525265ms] [ERROR] Failed to load resource: net::ERR_BLOCKED_BY_CLIENT @ https://collector.github.com/github/collect:0
[ 1525379ms] [ERROR] Failed to load resource: net::ERR_BLOCKED_BY_CLIENT @ https://collector.github.com/github/collect:0
[ 1525546ms] [ERROR] Failed to load resource: net::ERR_BLOCKED_BY_CLIENT @ https://collector.github.com/github/collect:0
[ 1525630ms] [ERROR] Failed to load resource: net::ERR_BLOCKED_BY_CLIENT @ https://collector.github.com/github/collect:0
[ 1525742ms] [ERROR] Failed to load resource: net::ERR_BLOCKED_BY_CLIENT @ https://collector.github.com/github/collect:0
[ 1525811ms] [ERROR] Failed to load resource: net::ERR_BLOCKED_BY_CLIENT @ https://collector.github.com/github/collect:0
[ 1525901ms] [ERROR] Failed to load resource: net::ERR_BLOCKED_BY_CLIENT @ https://collector.github.com/github/collect:0
[ 1525924ms] [ERROR] Failed to load resource: net::ERR_BLOCKED_BY_CLIENT @ https://collector.github.com/github/collect:0
[ 1525990ms] [ERROR] Failed to load resource: net::ERR_BLOCKED_BY_CLIENT @ https://collector.github.com/github/collect:0
[ 1526062ms] [ERROR] Failed to load resource: net::ERR_BLOCKED_BY_CLIENT @ https://collector.github.com/github/collect:0
[ 1526262ms] [ERROR] Failed to load resource: net::ERR_BLOCKED_BY_CLIENT @ https://collector.github.com/github/collect:0
[ 1526351ms] [ERROR] Failed to load resource: net::ERR_BLOCKED_BY_CLIENT @ https://collector.github.com/github/collect:0
[ 1526391ms] [ERROR] Failed to load resource: net::ERR_BLOCKED_BY_CLIENT @ https://collector.github.com/github/collect:0
[ 1526427ms] [ERROR] Failed to load resource: net::ERR_BLOCKED_BY_CLIENT @ https://collector.github.com/github/collect:0
[ 1526459ms] [ERROR] Failed to load resource: net::ERR_BLOCKED_BY_CLIENT @ https://collector.github.com/github/collect:0
[ 1526985ms] [ERROR] Failed to load resource: net::ERR_BLOCKED_BY_CLIENT @ https://collector.github.com/github/collect:0
[ 1527701ms] [ERROR] Failed to load resource: net::ERR_BLOCKED_BY_CLIENT @ https://collector.github.com/github/collect:0
[ 1527980ms] [ERROR] Failed to load resource: net::ERR_BLOCKED_BY_CLIENT @ https://collector.github.com/github/collect:0
[ 1528077ms] [ERROR] Failed to load resource: net::ERR_BLOCKED_BY_CLIENT @ https://collector.github.com/github/collect:0
[ 1528267ms] [ERROR] Failed to load resource: net::ERR_BLOCKED_BY_CLIENT @ https://collector.github.com/github/collect:0
[ 1528360ms] [ERROR] Failed to load resource: net::ERR_BLOCKED_BY_CLIENT @ https://collector.github.com/github/collect:0
[ 1528545ms] [ERROR] Failed to load resource: net::ERR_BLOCKED_BY_CLIENT @ https://collector.github.com/github/collect:0
[ 1528731ms] [ERROR] Failed to load resource: net::ERR_BLOCKED_BY_CLIENT @ https://collector.github.com/github/collect:0
[ 1528817ms] [ERROR] Failed to load resource: net::ERR_BLOCKED_BY_CLIENT @ https://collector.github.com/github/collect:0
[ 1528910ms] [ERROR] Failed to load resource: net::ERR_BLOCKED_BY_CLIENT @ https://collector.github.com/github/collect:0
[ 1528999ms] [ERROR] Failed to load resource: net::ERR_BLOCKED_BY_CLIENT @ https://collector.github.com/github/collect:0
[ 1529088ms] [ERROR] Failed to load resource: net::ERR_BLOCKED_BY_CLIENT @ https://collector.github.com/github/collect:0
[ 1529175ms] [ERROR] Failed to load resource: net::ERR_BLOCKED_BY_CLIENT @ https://collector.github.com/github/collect:0
[ 1529264ms] [ERROR] Failed to load resource: net::ERR_BLOCKED_BY_CLIENT @ https://collector.github.com/github/collect:0
[ 1529346ms] [ERROR] Failed to load resource: net::ERR_BLOCKED_BY_CLIENT @ https://collector.github.com/github/collect:0
[ 1529443ms] [ERROR] Failed to load resource: net::ERR_BLOCKED_BY_CLIENT @ https://collector.github.com/github/collect:0
[ 1529528ms] [ERROR] Failed to load resource: net::ERR_BLOCKED_BY_CLIENT @ https://collector.github.com/github/collect:0
[ 1529629ms] [ERROR] Failed to load resource: net::ERR_BLOCKED_BY_CLIENT @ https://collector.github.com/github/collect:0
[ 1529700ms] [ERROR] Failed to load resource: net::ERR_BLOCKED_BY_CLIENT @ https://collector.github.com/github/collect:0
[ 1529799ms] [ERROR] Failed to load resource: net::ERR_BLOCKED_BY_CLIENT @ https://collector.github.com/github/collect:0
[ 1529877ms] [ERROR] Failed to load resource: net::ERR_BLOCKED_BY_CLIENT @ https://collector.github.com/github/collect:0
[ 1529959ms] [ERROR] Failed to load resource: net::ERR_BLOCKED_BY_CLIENT @ https://collector.github.com/github/collect:0
[ 1530040ms] [ERROR] Failed to load resource: net::ERR_BLOCKED_BY_CLIENT @ https://collector.github.com/github/collect:0
[ 1530115ms] [ERROR] Failed to load resource: net::ERR_BLOCKED_BY_CLIENT @ https://collector.github.com/github/collect:0
[ 1530199ms] [ERROR] Failed to load resource: net::ERR_BLOCKED_BY_CLIENT @ https://collector.github.com/github/collect:0
[ 1530281ms] [ERROR] Failed to load resource: net::ERR_BLOCKED_BY_CLIENT @ https://collector.github.com/github/collect:0
[ 1530364ms] [ERROR] Failed to load resource: net::ERR_BLOCKED_BY_CLIENT @ https://collector.github.com/github/collect:0
[ 1530447ms] [ERROR] Failed to load resource: net::ERR_BLOCKED_BY_CLIENT @ https://collector.github.com/github/collect:0
[ 1530523ms] [ERROR] Failed to load resource: net::ERR_BLOCKED_BY_CLIENT @ https://collector.github.com/github/collect:0
[ 1530610ms] [ERROR] Failed to load resource: net::ERR_BLOCKED_BY_CLIENT @ https://collector.github.com/github/collect:0
[ 1530697ms] [ERROR] Failed to load resource: net::ERR_BLOCKED_BY_CLIENT @ https://collector.github.com/github/collect:0
[ 1530766ms] [ERROR] Failed to load resource: net::ERR_BLOCKED_BY_CLIENT @ https://collector.github.com/github/collect:0
[ 1530846ms] [ERROR] Failed to load resource: net::ERR_BLOCKED_BY_CLIENT @ https://collector.github.com/github/collect:0
[ 1530930ms] [ERROR] Failed to load resource: net::ERR_BLOCKED_BY_CLIENT @ https://collector.github.com/github/collect:0
[ 1531008ms] [ERROR] Failed to load resource: net::ERR_BLOCKED_BY_CLIENT @ https://collector.github.com/github/collect:0
[ 1531092ms] [ERROR] Failed to load resource: net::ERR_BLOCKED_BY_CLIENT @ https://collector.github.com/github/collect:0
[ 1531165ms] [ERROR] Failed to load resource: net::ERR_BLOCKED_BY_CLIENT @ https://collector.github.com/github/collect:0
[ 1531245ms] [ERROR] Failed to load resource: net::ERR_BLOCKED_BY_CLIENT @ https://collector.github.com/github/collect:0
[ 1531327ms] [ERROR] Failed to load resource: net::ERR_BLOCKED_BY_CLIENT @ https://collector.github.com/github/collect:0
[ 1531409ms] [ERROR] Failed to load resource: net::ERR_BLOCKED_BY_CLIENT @ https://collector.github.com/github/collect:0
[ 1531481ms] [ERROR] Failed to load resource: net::ERR_BLOCKED_BY_CLIENT @ https://collector.github.com/github/collect:0
[ 1531564ms] [ERROR] Failed to load resource: net::ERR_BLOCKED_BY_CLIENT @ https://collector.github.com/github/collect:0
[ 1531649ms] [ERROR] Failed to load resource: net::ERR_BLOCKED_BY_CLIENT @ https://collector.github.com/github/collect:0
[ 1531731ms] [ERROR] Failed to load resource: net::ERR_BLOCKED_BY_CLIENT @ https://collector.github.com/github/collect:0
[ 1531813ms] [ERROR] Failed to load resource: net::ERR_BLOCKED_BY_CLIENT @ https://collector.github.com/github/collect:0
[ 1531898ms] [ERROR] Failed to load resource: net::ERR_BLOCKED_BY_CLIENT @ https://collector.github.com/github/collect:0
[ 1531983ms] [ERROR] Failed to load resource: net::ERR_BLOCKED_BY_CLIENT @ https://collector.github.com/github/collect:0
[ 1532064ms] [ERROR] Failed to load resource: net::ERR_BLOCKED_BY_CLIENT @ https://collector.github.com/github/collect:0
[ 1532147ms] [ERROR] Failed to load resource: net::ERR_BLOCKED_BY_CLIENT @ https://collector.github.com/github/collect:0
[ 1532230ms] [ERROR] Failed to load resource: net::ERR_BLOCKED_BY_CLIENT @ https://collector.github.com/github/collect:0
[ 1532315ms] [ERROR] Failed to load resource: net::ERR_BLOCKED_BY_CLIENT @ https://collector.github.com/github/collect:0
[ 1532399ms] [ERROR] Failed to load resource: net::ERR_BLOCKED_BY_CLIENT @ https://collector.github.com/github/collect:0
[ 1532483ms] [ERROR] Failed to load resource: net::ERR_BLOCKED_BY_CLIENT @ https://collector.github.com/github/collect:0
[ 1532567ms] [ERROR] Failed to load resource: net::ERR_BLOCKED_BY_CLIENT @ https://collector.github.com/github/collect:0
[ 1532656ms] [ERROR] Failed to load resource: net::ERR_BLOCKED_BY_CLIENT @ https://collector.github.com/github/collect:0
[ 1532746ms] [ERROR] Failed to load resource: net::ERR_BLOCKED_BY_CLIENT @ https://collector.github.com/github/collect:0
[ 1532834ms] [ERROR] Failed to load resource: net::ERR_BLOCKED_BY_CLIENT @ https://collector.github.com/github/collect:0
[ 1532929ms] [ERROR] Failed to load resource: net::ERR_BLOCKED_BY_CLIENT @ https://collector.github.com/github/collect:0
[ 1533013ms] [ERROR] Failed to load resource: net::ERR_BLOCKED_BY_CLIENT @ https://collector.github.com/github/collect:0
[ 1533110ms] [ERROR] Failed to load resource: net::ERR_BLOCKED_BY_CLIENT @ https://collector.github.com/github/collect:0
[ 1533194ms] [ERROR] Failed to load resource: net::ERR_BLOCKED_BY_CLIENT @ https://collector.github.com/github/collect:0
[ 1533280ms] [ERROR] Failed to load resource: net::ERR_BLOCKED_BY_CLIENT @ https://collector.github.com/github/collect:0
[ 1533377ms] [ERROR] Failed to load resource: net::ERR_BLOCKED_BY_CLIENT @ https://collector.github.com/github/collect:0
[ 1533465ms] [ERROR] Failed to load resource: net::ERR_BLOCKED_BY_CLIENT @ https://collector.github.com/github/collect:0
[ 1533561ms] [ERROR] Failed to load resource: net::ERR_BLOCKED_BY_CLIENT @ https://collector.github.com/github/collect:0
[ 1533645ms] [ERROR] Failed to load resource: net::ERR_BLOCKED_BY_CLIENT @ https://collector.github.com/github/collect:0
[ 1533734ms] [ERROR] Failed to load resource: net::ERR_BLOCKED_BY_CLIENT @ https://collector.github.com/github/collect:0
[ 1533825ms] [ERROR] Failed to load resource: net::ERR_BLOCKED_BY_CLIENT @ https://collector.github.com/github/collect:0
[ 1533924ms] [ERROR] Failed to load resource: net::ERR_BLOCKED_BY_CLIENT @ https://collector.github.com/github/collect:0
[ 1534014ms] [ERROR] Failed to load resource: net::ERR_BLOCKED_BY_CLIENT @ https://collector.github.com/github/collect:0
[ 1534109ms] [ERROR] Failed to load resource: net::ERR_BLOCKED_BY_CLIENT @ https://collector.github.com/github/collect:0
[ 1534205ms] [ERROR] Failed to load resource: net::ERR_BLOCKED_BY_CLIENT @ https://collector.github.com/github/collect:0
[ 1534294ms] [ERROR] Failed to load resource: net::ERR_BLOCKED_BY_CLIENT @ https://collector.github.com/github/collect:0
[ 1534381ms] [ERROR] Failed to load resource: net::ERR_BLOCKED_BY_CLIENT @ https://collector.github.com/github/collect:0
[ 1534477ms] [ERROR] Failed to load resource: net::ERR_BLOCKED_BY_CLIENT @ https://collector.github.com/github/collect:0
[ 1534564ms] [ERROR] Failed to load resource: net::ERR_BLOCKED_BY_CLIENT @ https://collector.github.com/github/collect:0
[ 1534655ms] [ERROR] Failed to load resource: net::ERR_BLOCKED_BY_CLIENT @ https://collector.github.com/github/collect:0
[ 1534746ms] [ERROR] Failed to load resource: net::ERR_BLOCKED_BY_CLIENT @ https://collector.github.com/github/collect:0
[ 1534839ms] [ERROR] Failed to load resource: net::ERR_BLOCKED_BY_CLIENT @ https://collector.github.com/github/collect:0
[ 1534929ms] [ERROR] Failed to load resource: net::ERR_BLOCKED_BY_CLIENT @ https://collector.github.com/github/collect:0
[ 1535026ms] [ERROR] Failed to load resource: net::ERR_BLOCKED_BY_CLIENT @ https://collector.github.com/github/collect:0
[ 1535126ms] [ERROR] Failed to load resource: net::ERR_BLOCKED_BY_CLIENT @ https://collector.github.com/github/collect:0
[ 1535213ms] [ERROR] Failed to load resource: net::ERR_BLOCKED_BY_CLIENT @ https://collector.github.com/github/collect:0
[ 1535309ms] [ERROR] Failed to load resource: net::ERR_BLOCKED_BY_CLIENT @ https://collector.github.com/github/collect:0
[ 1535406ms] [ERROR] Failed to load resource: net::ERR_BLOCKED_BY_CLIENT @ https://collector.github.com/github/collect:0
[ 1535500ms] [ERROR] Failed to load resource: net::ERR_BLOCKED_BY_CLIENT @ https://collector.github.com/github/collect:0
[ 1535597ms] [ERROR] Failed to load resource: net::ERR_BLOCKED_BY_CLIENT @ https://collector.github.com/github/collect:0
[ 1535694ms] [ERROR] Failed to load resource: net::ERR_BLOCKED_BY_CLIENT @ https://collector.github.com/github/collect:0
[ 1535780ms] [ERROR] Failed to load resource: net::ERR_BLOCKED_BY_CLIENT @ https://collector.github.com/github/collect:0
[ 1535879ms] [ERROR] Failed to load resource: net::ERR_BLOCKED_BY_CLIENT @ https://collector.github.com/github/collect:0
[ 1535966ms] [ERROR] Failed to load resource: net::ERR_BLOCKED_BY_CLIENT @ https://collector.github.com/github/collect:0
[ 1536062ms] [ERROR] Failed to load resource: net::ERR_BLOCKED_BY_CLIENT @ https://collector.github.com/github/collect:0
[ 1536160ms] [ERROR] Failed to load resource: net::ERR_BLOCKED_BY_CLIENT @ https://collector.github.com/github/collect:0
[ 1536247ms] [ERROR] Failed to load resource: net::ERR_BLOCKED_BY_CLIENT @ https://collector.github.com/github/collect:0
[ 1536342ms] [ERROR] Failed to load resource: net::ERR_BLOCKED_BY_CLIENT @ https://collector.github.com/github/collect:0
[ 1536438ms] [ERROR] Failed to load resource: net::ERR_BLOCKED_BY_CLIENT @ https://collector.github.com/github/collect:0
[ 1536527ms] [ERROR] Failed to load resource: net::ERR_BLOCKED_BY_CLIENT @ https://collector.github.com/github/collect:0
[ 1536625ms] [ERROR] Failed to load resource: net::ERR_BLOCKED_BY_CLIENT @ https://collector.github.com/github/collect:0
[ 1536722ms] [ERROR] Failed to load resource: net::ERR_BLOCKED_BY_CLIENT @ https://collector.github.com/github/collect:0
[ 1536812ms] [ERROR] Failed to load resource: net::ERR_BLOCKED_BY_CLIENT @ https://collector.github.com/github/collect:0
[ 1536905ms] [ERROR] Failed to load resource: net::ERR_BLOCKED_BY_CLIENT @ https://collector.github.com/github/collect:0
[ 1536996ms] [ERROR] Failed to load resource: net::ERR_BLOCKED_BY_CLIENT @ https://collector.github.com/github/collect:0
[ 1537096ms] [ERROR] Failed to load resource: net::ERR_BLOCKED_BY_CLIENT @ https://collector.github.com/github/collect:0
[ 1537190ms] [ERROR] Failed to load resource: net::ERR_BLOCKED_BY_CLIENT @ https://collector.github.com/github/collect:0
[ 1537282ms] [ERROR] Failed to load resource: net::ERR_BLOCKED_BY_CLIENT @ https://collector.github.com/github/collect:0
[ 1537378ms] [ERROR] Failed to load resource: net::ERR_BLOCKED_BY_CLIENT @ https://collector.github.com/github/collect:0
[ 1537466ms] [ERROR] Failed to load resource: net::ERR_BLOCKED_BY_CLIENT @ https://collector.github.com/github/collect:0
[ 1537562ms] [ERROR] Failed to load resource: net::ERR_BLOCKED_BY_CLIENT @ https://collector.github.com/github/collect:0
[ 1537657ms] [ERROR] Failed to load resource: net::ERR_BLOCKED_BY_CLIENT @ https://collector.github.com/github/collect:0
[ 1537744ms] [ERROR] Failed to load resource: net::ERR_BLOCKED_BY_CLIENT @ https://collector.github.com/github/collect:0
[ 1537839ms] [ERROR] Failed to load resource: net::ERR_BLOCKED_BY_CLIENT @ https://collector.github.com/github/collect:0
[ 1537930ms] [ERROR] Failed to load resource: net::ERR_BLOCKED_BY_CLIENT @ https://collector.github.com/github/collect:0
[ 1538028ms] [ERROR] Failed to load resource: net::ERR_BLOCKED_BY_CLIENT @ https://collector.github.com/github/collect:0
[ 1538127ms] [ERROR] Failed to load resource: net::ERR_BLOCKED_BY_CLIENT @ https://collector.github.com/github/collect:0
[ 1538213ms] [ERROR] Failed to load resource: net::ERR_BLOCKED_BY_CLIENT @ https://collector.github.com/github/collect:0
[ 1538313ms] [ERROR] Failed to load resource: net::ERR_BLOCKED_BY_CLIENT @ https://collector.github.com/github/collect:0
[ 1538400ms] [ERROR] Failed to load resource: net::ERR_BLOCKED_BY_CLIENT @ https://collector.github.com/github/collect:0
[ 1538495ms] [ERROR] Failed to load resource: net::ERR_BLOCKED_BY_CLIENT @ https://collector.github.com/github/collect:0
[ 1538583ms] [ERROR] Failed to load resource: net::ERR_BLOCKED_BY_CLIENT @ https://collector.github.com/github/collect:0
[ 1538681ms] [ERROR] Failed to load resource: net::ERR_BLOCKED_BY_CLIENT @ https://collector.github.com/github/collect:0
[ 1538766ms] [ERROR] Failed to load resource: net::ERR_BLOCKED_BY_CLIENT @ https://collector.github.com/github/collect:0
[ 1538865ms] [ERROR] Failed to load resource: net::ERR_BLOCKED_BY_CLIENT @ https://collector.github.com/github/collect:0
[ 1538949ms] [ERROR] Failed to load resource: net::ERR_BLOCKED_BY_CLIENT @ https://collector.github.com/github/collect:0
[ 1539046ms] [ERROR] Failed to load resource: net::ERR_BLOCKED_BY_CLIENT @ https://collector.github.com/github/collect:0
[ 1539141ms] [ERROR] Failed to load resource: net::ERR_BLOCKED_BY_CLIENT @ https://collector.github.com/github/collect:0
[ 1539231ms] [ERROR] Failed to load resource: net::ERR_BLOCKED_BY_CLIENT @ https://collector.github.com/github/collect:0
[ 1539313ms] [ERROR] Failed to load resource: net::ERR_BLOCKED_BY_CLIENT @ https://collector.github.com/github/collect:0
[ 1539400ms] [ERROR] Failed to load resource: net::ERR_BLOCKED_BY_CLIENT @ https://collector.github.com/github/collect:0
[ 1539496ms] [ERROR] Failed to load resource: net::ERR_BLOCKED_BY_CLIENT @ https://collector.github.com/github/collect:0
[ 1539580ms] [ERROR] Failed to load resource: net::ERR_BLOCKED_BY_CLIENT @ https://collector.github.com/github/collect:0
[ 1539666ms] [ERROR] Failed to load resource: net::ERR_BLOCKED_BY_CLIENT @ https://collector.github.com/github/collect:0
[ 1539763ms] [ERROR] Failed to load resource: net::ERR_BLOCKED_BY_CLIENT @ https://collector.github.com/github/collect:0
[ 1539846ms] [ERROR] Failed to load resource: net::ERR_BLOCKED_BY_CLIENT @ https://collector.github.com/github/collect:0
[ 1539932ms] [ERROR] Failed to load resource: net::ERR_BLOCKED_BY_CLIENT @ https://collector.github.com/github/collect:0
[ 1540026ms] [ERROR] Failed to load resource: net::ERR_BLOCKED_BY_CLIENT @ https://collector.github.com/github/collect:0
[ 1540112ms] [ERROR] Failed to load resource: net::ERR_BLOCKED_BY_CLIENT @ https://collector.github.com/github/collect:0
[ 1540210ms] [ERROR] Failed to load resource: net::ERR_BLOCKED_BY_CLIENT @ https://collector.github.com/github/collect:0
[ 1540294ms] [ERROR] Failed to load resource: net::ERR_BLOCKED_BY_CLIENT @ https://collector.github.com/github/collect:0
[ 1540378ms] [ERROR] Failed to load resource: net::ERR_BLOCKED_BY_CLIENT @ https://collector.github.com/github/collect:0
[ 1540460ms] [ERROR] Failed to load resource: net::ERR_BLOCKED_BY_CLIENT @ https://collector.github.com/github/collect:0
[ 1540546ms] [ERROR] Failed to load resource: net::ERR_BLOCKED_BY_CLIENT @ https://collector.github.com/github/collect:0
[ 1540633ms] [ERROR] Failed to load resource: net::ERR_BLOCKED_BY_CLIENT @ https://collector.github.com/github/collect:0
[ 1540716ms] [ERROR] Failed to load resource: net::ERR_BLOCKED_BY_CLIENT @ https://collector.github.com/github/collect:0
[ 1540809ms] [ERROR] Failed to load resource: net::ERR_BLOCKED_BY_CLIENT @ https://collector.github.com/github/collect:0
[ 1540890ms] [ERROR] Failed to load resource: net::ERR_BLOCKED_BY_CLIENT @ https://collector.github.com/github/collect:0
[ 1540978ms] [ERROR] Failed to load resource: net::ERR_BLOCKED_BY_CLIENT @ https://collector.github.com/github/collect:0
[ 1541059ms] [ERROR] Failed to load resource: net::ERR_BLOCKED_BY_CLIENT @ https://collector.github.com/github/collect:0
[ 1541145ms] [ERROR] Failed to load resource: net::ERR_BLOCKED_BY_CLIENT @ https://collector.github.com/github/collect:0
[ 1541231ms] [ERROR] Failed to load resource: net::ERR_BLOCKED_BY_CLIENT @ https://collector.github.com/github/collect:0
[ 1541308ms] [ERROR] Failed to load resource: net::ERR_BLOCKED_BY_CLIENT @ https://collector.github.com/github/collect:0
[ 1541394ms] [ERROR] Failed to load resource: net::ERR_BLOCKED_BY_CLIENT @ https://collector.github.com/github/collect:0
[ 1541480ms] [ERROR] Failed to load resource: net::ERR_BLOCKED_BY_CLIENT @ https://collector.github.com/github/collect:0
[ 1541563ms] [ERROR] Failed to load resource: net::ERR_BLOCKED_BY_CLIENT @ https://collector.github.com/github/collect:0
[ 1541646ms] [ERROR] Failed to load resource: net::ERR_BLOCKED_BY_CLIENT @ https://collector.github.com/github/collect:0
[ 1541731ms] [ERROR] Failed to load resource: net::ERR_BLOCKED_BY_CLIENT @ https://collector.github.com/github/collect:0
[ 1541813ms] [ERROR] Failed to load resource: net::ERR_BLOCKED_BY_CLIENT @ https://collector.github.com/github/collect:0
[ 1541896ms] [ERROR] Failed to load resource: net::ERR_BLOCKED_BY_CLIENT @ https://collector.github.com/github/collect:0
[ 1541979ms] [ERROR] Failed to load resource: net::ERR_BLOCKED_BY_CLIENT @ https://collector.github.com/github/collect:0
[ 1542063ms] [ERROR] Failed to load resource: net::ERR_BLOCKED_BY_CLIENT @ https://collector.github.com/github/collect:0
[ 1542146ms] [ERROR] Failed to load resource: net::ERR_BLOCKED_BY_CLIENT @ https://collector.github.com/github/collect:0
[ 1542231ms] [ERROR] Failed to load resource: net::ERR_BLOCKED_BY_CLIENT @ https://collector.github.com/github/collect:0
[ 1542314ms] [ERROR] Failed to load resource: net::ERR_BLOCKED_BY_CLIENT @ https://collector.github.com/github/collect:0
[ 1542397ms] [ERROR] Failed to load resource: net::ERR_BLOCKED_BY_CLIENT @ https://collector.github.com/github/collect:0
[ 1542481ms] [ERROR] Failed to load resource: net::ERR_BLOCKED_BY_CLIENT @ https://collector.github.com/github/collect:0
[ 1542563ms] [ERROR] Failed to load resource: net::ERR_BLOCKED_BY_CLIENT @ https://collector.github.com/github/collect:0
[ 1542646ms] [ERROR] Failed to load resource: net::ERR_BLOCKED_BY_CLIENT @ https://collector.github.com/github/collect:0
[ 1542728ms] [ERROR] Failed to load resource: net::ERR_BLOCKED_BY_CLIENT @ https://collector.github.com/github/collect:0
[ 1542812ms] [ERROR] Failed to load resource: net::ERR_BLOCKED_BY_CLIENT @ https://collector.github.com/github/collect:0
[ 1542897ms] [ERROR] Failed to load resource: net::ERR_BLOCKED_BY_CLIENT @ https://collector.github.com/github/collect:0
[ 1542980ms] [ERROR] Failed to load resource: net::ERR_BLOCKED_BY_CLIENT @ https://collector.github.com/github/collect:0
[ 1543063ms] [ERROR] Failed to load resource: net::ERR_BLOCKED_BY_CLIENT @ https://collector.github.com/github/collect:0
[ 1543162ms] [ERROR] Failed to load resource: net::ERR_BLOCKED_BY_CLIENT @ https://collector.github.com/github/collect:0
[ 1543233ms] [ERROR] Failed to load resource: net::ERR_BLOCKED_BY_CLIENT @ https://collector.github.com/github/collect:0
[ 1543347ms] [ERROR] Failed to load resource: net::ERR_BLOCKED_BY_CLIENT @ https://collector.github.com/github/collect:0
[ 1543427ms] [ERROR] Failed to load resource: net::ERR_BLOCKED_BY_CLIENT @ https://collector.github.com/github/collect:0
[ 1543512ms] [ERROR] Failed to load resource: net::ERR_BLOCKED_BY_CLIENT @ https://collector.github.com/github/collect:0
[ 1543593ms] [ERROR] Failed to load resource: net::ERR_BLOCKED_BY_CLIENT @ https://collector.github.com/github/collect:0
[ 1543665ms] [ERROR] Failed to load resource: net::ERR_BLOCKED_BY_CLIENT @ https://collector.github.com/github/collect:0
[ 1543748ms] [ERROR] Failed to load resource: net::ERR_BLOCKED_BY_CLIENT @ https://collector.github.com/github/collect:0
[ 1543832ms] [ERROR] Failed to load resource: net::ERR_BLOCKED_BY_CLIENT @ https://collector.github.com/github/collect:0
[ 1543916ms] [ERROR] Failed to load resource: net::ERR_BLOCKED_BY_CLIENT @ https://collector.github.com/github/collect:0
[ 1544000ms] [ERROR] Failed to load resource: net::ERR_BLOCKED_BY_CLIENT @ https://collector.github.com/github/collect:0
[ 1544088ms] [ERROR] Failed to load resource: net::ERR_BLOCKED_BY_CLIENT @ https://collector.github.com/github/collect:0
[ 1544178ms] [ERROR] Failed to load resource: net::ERR_BLOCKED_BY_CLIENT @ https://collector.github.com/github/collect:0
[ 1544263ms] [ERROR] Failed to load resource: net::ERR_BLOCKED_BY_CLIENT @ https://collector.github.com/github/collect:0
[ 1544431ms] [ERROR] Failed to load resource: net::ERR_BLOCKED_BY_CLIENT @ https://collector.github.com/github/collect:0
[ 1544514ms] [ERROR] Failed to load resource: net::ERR_BLOCKED_BY_CLIENT @ https://collector.github.com/github/collect:0
[ 1544605ms] [ERROR] Failed to load resource: net::ERR_BLOCKED_BY_CLIENT @ https://collector.github.com/github/collect:0
[ 1544693ms] [ERROR] Failed to load resource: net::ERR_BLOCKED_BY_CLIENT @ https://collector.github.com/github/collect:0
[ 1544779ms] [ERROR] Failed to load resource: net::ERR_BLOCKED_BY_CLIENT @ https://collector.github.com/github/collect:0
[ 1544863ms] [ERROR] Failed to load resource: net::ERR_BLOCKED_BY_CLIENT @ https://collector.github.com/github/collect:0
[ 1544950ms] [ERROR] Failed to load resource: net::ERR_BLOCKED_BY_CLIENT @ https://collector.github.com/github/collect:0
[ 1545041ms] [ERROR] Failed to load resource: net::ERR_BLOCKED_BY_CLIENT @ https://collector.github.com/github/collect:0
[ 1545128ms] [ERROR] Failed to load resource: net::ERR_BLOCKED_BY_CLIENT @ https://collector.github.com/github/collect:0
[ 1545212ms] [ERROR] Failed to load resource: net::ERR_BLOCKED_BY_CLIENT @ https://collector.github.com/github/collect:0
[ 1545298ms] [ERROR] Failed to load resource: net::ERR_BLOCKED_BY_CLIENT @ https://collector.github.com/github/collect:0
[ 1545384ms] [ERROR] Failed to load resource: net::ERR_BLOCKED_BY_CLIENT @ https://collector.github.com/github/collect:0
[ 1545473ms] [ERROR] Failed to load resource: net::ERR_BLOCKED_BY_CLIENT @ https://collector.github.com/github/collect:0
[ 1545563ms] [ERROR] Failed to load resource: net::ERR_BLOCKED_BY_CLIENT @ https://collector.github.com/github/collect:0
[ 1545645ms] [ERROR] Failed to load resource: net::ERR_BLOCKED_BY_CLIENT @ https://collector.github.com/github/collect:0
[ 1545731ms] [ERROR] Failed to load resource: net::ERR_BLOCKED_BY_CLIENT @ https://collector.github.com/github/collect:0
[ 1545816ms] [ERROR] Failed to load resource: net::ERR_BLOCKED_BY_CLIENT @ https://collector.github.com/github/collect:0
[ 1545910ms] [ERROR] Failed to load resource: net::ERR_BLOCKED_BY_CLIENT @ https://collector.github.com/github/collect:0
[ 1545997ms] [ERROR] Failed to load resource: net::ERR_BLOCKED_BY_CLIENT @ https://collector.github.com/github/collect:0
[ 1546081ms] [ERROR] Failed to load resource: net::ERR_BLOCKED_BY_CLIENT @ https://collector.github.com/github/collect:0
[ 1546173ms] [ERROR] Failed to load resource: net::ERR_BLOCKED_BY_CLIENT @ https://collector.github.com/github/collect:0
[ 1546358ms] [ERROR] Failed to load resource: net::ERR_BLOCKED_BY_CLIENT @ https://collector.github.com/github/collect:0
[ 1546443ms] [ERROR] Failed to load resource: net::ERR_BLOCKED_BY_CLIENT @ https://collector.github.com/github/collect:0
[ 1546526ms] [ERROR] Failed to load resource: net::ERR_BLOCKED_BY_CLIENT @ https://collector.github.com/github/collect:0
[ 1546607ms] [ERROR] Failed to load resource: net::ERR_BLOCKED_BY_CLIENT @ https://collector.github.com/github/collect:0
[ 1546692ms] [ERROR] Failed to load resource: net::ERR_BLOCKED_BY_CLIENT @ https://collector.github.com/github/collect:0
[ 1546777ms] [ERROR] Failed to load resource: net::ERR_BLOCKED_BY_CLIENT @ https://collector.github.com/github/collect:0
[ 1546859ms] [ERROR] Failed to load resource: net::ERR_BLOCKED_BY_CLIENT @ https://collector.github.com/github/collect:0
[ 1546946ms] [ERROR] Failed to load resource: net::ERR_BLOCKED_BY_CLIENT @ https://collector.github.com/github/collect:0
[ 1547032ms] [ERROR] Failed to load resource: net::ERR_BLOCKED_BY_CLIENT @ https://collector.github.com/github/collect:0
[ 1547125ms] [ERROR] Failed to load resource: net::ERR_BLOCKED_BY_CLIENT @ https://collector.github.com/github/collect:0
[ 1547209ms] [ERROR] Failed to load resource: net::ERR_BLOCKED_BY_CLIENT @ https://collector.github.com/github/collect:0
[ 1547297ms] [ERROR] Failed to load resource: net::ERR_BLOCKED_BY_CLIENT @ https://collector.github.com/github/collect:0
[ 1547389ms] [ERROR] Failed to load resource: net::ERR_BLOCKED_BY_CLIENT @ https://collector.github.com/github/collect:0
[ 1547474ms] [ERROR] Failed to load resource: net::ERR_BLOCKED_BY_CLIENT @ https://collector.github.com/github/collect:0
[ 1547563ms] [ERROR] Failed to load resource: net::ERR_BLOCKED_BY_CLIENT @ https://collector.github.com/github/collect:0
[ 1547654ms] [ERROR] Failed to load resource: net::ERR_BLOCKED_BY_CLIENT @ https://collector.github.com/github/collect:0
[ 1547742ms] [ERROR] Failed to load resource: net::ERR_BLOCKED_BY_CLIENT @ https://collector.github.com/github/collect:0
[ 1547838ms] [ERROR] Failed to load resource: net::ERR_BLOCKED_BY_CLIENT @ https://collector.github.com/github/collect:0
[ 1547932ms] [ERROR] Failed to load resource: net::ERR_BLOCKED_BY_CLIENT @ https://collector.github.com/github/collect:0
[ 1548026ms] [ERROR] Failed to load resource: net::ERR_BLOCKED_BY_CLIENT @ https://collector.github.com/github/collect:0
[ 1548129ms] [ERROR] Failed to load resource: net::ERR_BLOCKED_BY_CLIENT @ https://collector.github.com/github/collect:0
[ 1548232ms] [ERROR] Failed to load resource: net::ERR_BLOCKED_BY_CLIENT @ https://collector.github.com/github/collect:0
[ 1548329ms] [ERROR] Failed to load resource: net::ERR_BLOCKED_BY_CLIENT @ https://collector.github.com/github/collect:0
[ 1548431ms] [ERROR] Failed to load resource: net::ERR_BLOCKED_BY_CLIENT @ https://collector.github.com/github/collect:0
[ 1548645ms] [ERROR] Failed to load resource: net::ERR_BLOCKED_BY_CLIENT @ https://collector.github.com/github/collect:0
[ 1548744ms] [ERROR] Failed to load resource: net::ERR_BLOCKED_BY_CLIENT @ https://collector.github.com/github/collect:0
[ 1548850ms] [ERROR] Failed to load resource: net::ERR_BLOCKED_BY_CLIENT @ https://collector.github.com/github/collect:0
[ 1548964ms] [ERROR] Failed to load resource: net::ERR_BLOCKED_BY_CLIENT @ https://collector.github.com/github/collect:0
[ 1549183ms] [ERROR] Failed to load resource: net::ERR_BLOCKED_BY_CLIENT @ https://collector.github.com/github/collect:0
[ 1549431ms] [ERROR] Failed to load resource: net::ERR_BLOCKED_BY_CLIENT @ https://collector.github.com/github/collect:0
[ 1549634ms] [ERROR] Failed to load resource: net::ERR_BLOCKED_BY_CLIENT @ https://collector.github.com/github/collect:0
[ 1549878ms] [ERROR] Failed to load resource: net::ERR_BLOCKED_BY_CLIENT @ https://collector.github.com/github/collect:0
[ 1549983ms] [ERROR] Failed to load resource: net::ERR_BLOCKED_BY_CLIENT @ https://collector.github.com/github/collect:0
[ 1550101ms] [ERROR] Failed to load resource: net::ERR_BLOCKED_BY_CLIENT @ https://collector.github.com/github/collect:0
[ 1550218ms] [ERROR] Failed to load resource: net::ERR_BLOCKED_BY_CLIENT @ https://collector.github.com/github/collect:0
[ 1550447ms] [ERROR] Failed to load resource: net::ERR_BLOCKED_BY_CLIENT @ https://collector.github.com/github/collect:0
[ 1550562ms] [ERROR] Failed to load resource: net::ERR_BLOCKED_BY_CLIENT @ https://collector.github.com/github/collect:0
[ 1550666ms] [ERROR] Failed to load resource: net::ERR_BLOCKED_BY_CLIENT @ https://collector.github.com/github/collect:0
[ 1550782ms] [ERROR] Failed to load resource: net::ERR_BLOCKED_BY_CLIENT @ https://collector.github.com/github/collect:0
[ 1550892ms] [ERROR] Failed to load resource: net::ERR_BLOCKED_BY_CLIENT @ https://collector.github.com/github/collect:0
[ 1551107ms] [ERROR] Failed to load resource: net::ERR_BLOCKED_BY_CLIENT @ https://collector.github.com/github/collect:0
[ 1551211ms] [ERROR] Failed to load resource: net::ERR_BLOCKED_BY_CLIENT @ https://collector.github.com/github/collect:0
[ 1551313ms] [ERROR] Failed to load resource: net::ERR_BLOCKED_BY_CLIENT @ https://collector.github.com/github/collect:0
[ 1551417ms] [ERROR] Failed to load resource: net::ERR_BLOCKED_BY_CLIENT @ https://collector.github.com/github/collect:0
[ 1551616ms] [ERROR] Failed to load resource: net::ERR_BLOCKED_BY_CLIENT @ https://collector.github.com/github/collect:0
[ 1551715ms] [ERROR] Failed to load resource: net::ERR_BLOCKED_BY_CLIENT @ https://collector.github.com/github/collect:0
[ 1551816ms] [ERROR] Failed to load resource: net::ERR_BLOCKED_BY_CLIENT @ https://collector.github.com/github/collect:0
[ 1551897ms] [ERROR] Failed to load resource: net::ERR_BLOCKED_BY_CLIENT @ https://collector.github.com/github/collect:0
[ 1551997ms] [ERROR] Failed to load resource: net::ERR_BLOCKED_BY_CLIENT @ https://collector.github.com/github/collect:0
[ 1552090ms] [ERROR] Failed to load resource: net::ERR_BLOCKED_BY_CLIENT @ https://collector.github.com/github/collect:0
[ 1552182ms] [ERROR] Failed to load resource: net::ERR_BLOCKED_BY_CLIENT @ https://collector.github.com/github/collect:0
[ 1552266ms] [ERROR] Failed to load resource: net::ERR_BLOCKED_BY_CLIENT @ https://collector.github.com/github/collect:0
[ 1552358ms] [ERROR] Failed to load resource: net::ERR_BLOCKED_BY_CLIENT @ https://collector.github.com/github/collect:0
[ 1552448ms] [ERROR] Failed to load resource: net::ERR_BLOCKED_BY_CLIENT @ https://collector.github.com/github/collect:0
[ 1552543ms] [ERROR] Failed to load resource: net::ERR_BLOCKED_BY_CLIENT @ https://collector.github.com/github/collect:0
[ 1552624ms] [ERROR] Failed to load resource: net::ERR_BLOCKED_BY_CLIENT @ https://collector.github.com/github/collect:0
[ 1552721ms] [ERROR] Failed to load resource: net::ERR_BLOCKED_BY_CLIENT @ https://collector.github.com/github/collect:0
[ 1552799ms] [ERROR] Failed to load resource: net::ERR_BLOCKED_BY_CLIENT @ https://collector.github.com/github/collect:0
[ 1552882ms] [ERROR] Failed to load resource: net::ERR_BLOCKED_BY_CLIENT @ https://collector.github.com/github/collect:0
[ 1552973ms] [ERROR] Failed to load resource: net::ERR_BLOCKED_BY_CLIENT @ https://collector.github.com/github/collect:0
[ 1553049ms] [ERROR] Failed to load resource: net::ERR_BLOCKED_BY_CLIENT @ https://collector.github.com/github/collect:0
[ 1553131ms] [ERROR] Failed to load resource: net::ERR_BLOCKED_BY_CLIENT @ https://collector.github.com/github/collect:0
[ 1553215ms] [ERROR] Failed to load resource: net::ERR_BLOCKED_BY_CLIENT @ https://collector.github.com/github/collect:0
[ 1553307ms] [ERROR] Failed to load resource: net::ERR_BLOCKED_BY_CLIENT @ https://collector.github.com/github/collect:0
[ 1553399ms] [ERROR] Failed to load resource: net::ERR_BLOCKED_BY_CLIENT @ https://collector.github.com/github/collect:0
[ 1553475ms] [ERROR] Failed to load resource: net::ERR_BLOCKED_BY_CLIENT @ https://collector.github.com/github/collect:0
[ 1553561ms] [ERROR] Failed to load resource: net::ERR_BLOCKED_BY_CLIENT @ https://collector.github.com/github/collect:0
[ 1553651ms] [ERROR] Failed to load resource: net::ERR_BLOCKED_BY_CLIENT @ https://collector.github.com/github/collect:0
[ 1553731ms] [ERROR] Failed to load resource: net::ERR_BLOCKED_BY_CLIENT @ https://collector.github.com/github/collect:0
[ 1553840ms] [ERROR] Failed to load resource: net::ERR_BLOCKED_BY_CLIENT @ https://collector.github.com/github/collect:0
[ 1553927ms] [ERROR] Failed to load resource: net::ERR_BLOCKED_BY_CLIENT @ https://collector.github.com/github/collect:0
[ 1554014ms] [ERROR] Failed to load resource: net::ERR_BLOCKED_BY_CLIENT @ https://collector.github.com/github/collect:0
[ 1554107ms] [ERROR] Failed to load resource: net::ERR_BLOCKED_BY_CLIENT @ https://collector.github.com/github/collect:0
[ 1554195ms] [ERROR] Failed to load resource: net::ERR_BLOCKED_BY_CLIENT @ https://collector.github.com/github/collect:0
[ 1554277ms] [ERROR] Failed to load resource: net::ERR_BLOCKED_BY_CLIENT @ https://collector.github.com/github/collect:0
[ 1554362ms] [ERROR] Failed to load resource: net::ERR_BLOCKED_BY_CLIENT @ https://collector.github.com/github/collect:0
[ 1554448ms] [ERROR] Failed to load resource: net::ERR_BLOCKED_BY_CLIENT @ https://collector.github.com/github/collect:0
[ 1554542ms] [ERROR] Failed to load resource: net::ERR_BLOCKED_BY_CLIENT @ https://collector.github.com/github/collect:0
[ 1554630ms] [ERROR] Failed to load resource: net::ERR_BLOCKED_BY_CLIENT @ https://collector.github.com/github/collect:0
[ 1554710ms] [ERROR] Failed to load resource: net::ERR_BLOCKED_BY_CLIENT @ https://collector.github.com/github/collect:0
[ 1554797ms] [ERROR] Failed to load resource: net::ERR_BLOCKED_BY_CLIENT @ https://collector.github.com/github/collect:0
[ 1554880ms] [ERROR] Failed to load resource: net::ERR_BLOCKED_BY_CLIENT @ https://collector.github.com/github/collect:0
[ 1554965ms] [ERROR] Failed to load resource: net::ERR_BLOCKED_BY_CLIENT @ https://collector.github.com/github/collect:0
[ 1555049ms] [ERROR] Failed to load resource: net::ERR_BLOCKED_BY_CLIENT @ https://collector.github.com/github/collect:0
[ 1555149ms] [ERROR] Failed to load resource: net::ERR_BLOCKED_BY_CLIENT @ https://collector.github.com/github/collect:0
[ 1555231ms] [ERROR] Failed to load resource: net::ERR_BLOCKED_BY_CLIENT @ https://collector.github.com/github/collect:0
[ 1555317ms] [ERROR] Failed to load resource: net::ERR_BLOCKED_BY_CLIENT @ https://collector.github.com/github/collect:0
[ 1555393ms] [ERROR] Failed to load resource: net::ERR_BLOCKED_BY_CLIENT @ https://collector.github.com/github/collect:0
[ 1555478ms] [ERROR] Failed to load resource: net::ERR_BLOCKED_BY_CLIENT @ https://collector.github.com/github/collect:0
[ 1555563ms] [ERROR] Failed to load resource: net::ERR_BLOCKED_BY_CLIENT @ https://collector.github.com/github/collect:0
[ 1555660ms] [ERROR] Failed to load resource: net::ERR_BLOCKED_BY_CLIENT @ https://collector.github.com/github/collect:0
[ 1555735ms] [ERROR] Failed to load resource: net::ERR_BLOCKED_BY_CLIENT @ https://collector.github.com/github/collect:0
[ 1555816ms] [ERROR] Failed to load resource: net::ERR_BLOCKED_BY_CLIENT @ https://collector.github.com/github/collect:0
[ 1555908ms] [ERROR] Failed to load resource: net::ERR_BLOCKED_BY_CLIENT @ https://collector.github.com/github/collect:0
[ 1555993ms] [ERROR] Failed to load resource: net::ERR_BLOCKED_BY_CLIENT @ https://collector.github.com/github/collect:0
[ 1556072ms] [ERROR] Failed to load resource: net::ERR_BLOCKED_BY_CLIENT @ https://collector.github.com/github/collect:0
[ 1556151ms] [ERROR] Failed to load resource: net::ERR_BLOCKED_BY_CLIENT @ https://collector.github.com/github/collect:0
[ 1556240ms] [ERROR] Failed to load resource: net::ERR_BLOCKED_BY_CLIENT @ https://collector.github.com/github/collect:0
[ 1556315ms] [ERROR] Failed to load resource: net::ERR_BLOCKED_BY_CLIENT @ https://collector.github.com/github/collect:0
[ 1556397ms] [ERROR] Failed to load resource: net::ERR_BLOCKED_BY_CLIENT @ https://collector.github.com/github/collect:0
[ 1556481ms] [ERROR] Failed to load resource: net::ERR_BLOCKED_BY_CLIENT @ https://collector.github.com/github/collect:0
[ 1556561ms] [ERROR] Failed to load resource: net::ERR_BLOCKED_BY_CLIENT @ https://collector.github.com/github/collect:0
[ 1556645ms] [ERROR] Failed to load resource: net::ERR_BLOCKED_BY_CLIENT @ https://collector.github.com/github/collect:0
[ 1556723ms] [ERROR] Failed to load resource: net::ERR_BLOCKED_BY_CLIENT @ https://collector.github.com/github/collect:0
[ 1556797ms] [ERROR] Failed to load resource: net::ERR_BLOCKED_BY_CLIENT @ https://collector.github.com/github/collect:0
[ 1556878ms] [ERROR] Failed to load resource: net::ERR_BLOCKED_BY_CLIENT @ https://collector.github.com/github/collect:0
[ 1556945ms] [ERROR] Failed to load resource: net::ERR_BLOCKED_BY_CLIENT @ https://collector.github.com/github/collect:0
[ 1557016ms] [ERROR] Failed to load resource: net::ERR_BLOCKED_BY_CLIENT @ https://collector.github.com/github/collect:0
[ 1557099ms] [ERROR] Failed to load resource: net::ERR_BLOCKED_BY_CLIENT @ https://collector.github.com/github/collect:0
[ 1557180ms] [ERROR] Failed to load resource: net::ERR_BLOCKED_BY_CLIENT @ https://collector.github.com/github/collect:0
[ 1557265ms] [ERROR] Failed to load resource: net::ERR_BLOCKED_BY_CLIENT @ https://collector.github.com/github/collect:0
[ 1557349ms] [ERROR] Failed to load resource: net::ERR_BLOCKED_BY_CLIENT @ https://collector.github.com/github/collect:0
[ 1557422ms] [ERROR] Failed to load resource: net::ERR_BLOCKED_BY_CLIENT @ https://collector.github.com/github/collect:0
[ 1557499ms] [ERROR] Failed to load resource: net::ERR_BLOCKED_BY_CLIENT @ https://collector.github.com/github/collect:0
[ 1557582ms] [ERROR] Failed to load resource: net::ERR_BLOCKED_BY_CLIENT @ https://collector.github.com/github/collect:0
[ 1557665ms] [ERROR] Failed to load resource: net::ERR_BLOCKED_BY_CLIENT @ https://collector.github.com/github/collect:0
[ 1557749ms] [ERROR] Failed to load resource: net::ERR_BLOCKED_BY_CLIENT @ https://collector.github.com/github/collect:0
[ 1557832ms] [ERROR] Failed to load resource: net::ERR_BLOCKED_BY_CLIENT @ https://collector.github.com/github/collect:0
[ 1557915ms] [ERROR] Failed to load resource: net::ERR_BLOCKED_BY_CLIENT @ https://collector.github.com/github/collect:0
[ 1558000ms] [ERROR] Failed to load resource: net::ERR_BLOCKED_BY_CLIENT @ https://collector.github.com/github/collect:0
[ 1558083ms] [ERROR] Failed to load resource: net::ERR_BLOCKED_BY_CLIENT @ https://collector.github.com/github/collect:0
[ 1558173ms] [ERROR] Failed to load resource: net::ERR_BLOCKED_BY_CLIENT @ https://collector.github.com/github/collect:0
[ 1558255ms] [ERROR] Failed to load resource: net::ERR_BLOCKED_BY_CLIENT @ https://collector.github.com/github/collect:0
[ 1558340ms] [ERROR] Failed to load resource: net::ERR_BLOCKED_BY_CLIENT @ https://collector.github.com/github/collect:0
[ 1558421ms] [ERROR] Failed to load resource: net::ERR_BLOCKED_BY_CLIENT @ https://collector.github.com/github/collect:0
[ 1558501ms] [ERROR] Failed to load resource: net::ERR_BLOCKED_BY_CLIENT @ https://collector.github.com/github/collect:0
[ 1558583ms] [ERROR] Failed to load resource: net::ERR_BLOCKED_BY_CLIENT @ https://collector.github.com/github/collect:0
[ 1558667ms] [ERROR] Failed to load resource: net::ERR_BLOCKED_BY_CLIENT @ https://collector.github.com/github/collect:0
[ 1558759ms] [ERROR] Failed to load resource: net::ERR_BLOCKED_BY_CLIENT @ https://collector.github.com/github/collect:0
[ 1558843ms] [ERROR] Failed to load resource: net::ERR_BLOCKED_BY_CLIENT @ https://collector.github.com/github/collect:0
[ 1559014ms] [ERROR] Failed to load resource: net::ERR_BLOCKED_BY_CLIENT @ https://collector.github.com/github/collect:0
[ 1559094ms] [ERROR] Failed to load resource: net::ERR_BLOCKED_BY_CLIENT @ https://collector.github.com/github/collect:0
[ 1559179ms] [ERROR] Failed to load resource: net::ERR_BLOCKED_BY_CLIENT @ https://collector.github.com/github/collect:0
[ 1559263ms] [ERROR] Failed to load resource: net::ERR_BLOCKED_BY_CLIENT @ https://collector.github.com/github/collect:0
[ 1559347ms] [ERROR] Failed to load resource: net::ERR_BLOCKED_BY_CLIENT @ https://collector.github.com/github/collect:0
[ 1559434ms] [ERROR] Failed to load resource: net::ERR_BLOCKED_BY_CLIENT @ https://collector.github.com/github/collect:0
[ 1559516ms] [ERROR] Failed to load resource: net::ERR_BLOCKED_BY_CLIENT @ https://collector.github.com/github/collect:0
[ 1559600ms] [ERROR] Failed to load resource: net::ERR_BLOCKED_BY_CLIENT @ https://collector.github.com/github/collect:0
[ 1559683ms] [ERROR] Failed to load resource: net::ERR_BLOCKED_BY_CLIENT @ https://collector.github.com/github/collect:0
[ 1559775ms] [ERROR] Failed to load resource: net::ERR_BLOCKED_BY_CLIENT @ https://collector.github.com/github/collect:0
[ 1559849ms] [ERROR] Failed to load resource: net::ERR_BLOCKED_BY_CLIENT @ https://collector.github.com/github/collect:0
[ 1559935ms] [ERROR] Failed to load resource: net::ERR_BLOCKED_BY_CLIENT @ https://collector.github.com/github/collect:0
[ 1560027ms] [ERROR] Failed to load resource: net::ERR_BLOCKED_BY_CLIENT @ https://collector.github.com/github/collect:0
[ 1560108ms] [ERROR] Failed to load resource: net::ERR_BLOCKED_BY_CLIENT @ https://collector.github.com/github/collect:0
[ 1560194ms] [ERROR] Failed to load resource: net::ERR_BLOCKED_BY_CLIENT @ https://collector.github.com/github/collect:0
[ 1560274ms] [ERROR] Failed to load resource: net::ERR_BLOCKED_BY_CLIENT @ https://collector.github.com/github/collect:0
[ 1560347ms] [ERROR] Failed to load resource: net::ERR_BLOCKED_BY_CLIENT @ https://collector.github.com/github/collect:0
[ 1560429ms] [ERROR] Failed to load resource: net::ERR_BLOCKED_BY_CLIENT @ https://collector.github.com/github/collect:0
[ 1560511ms] [ERROR] Failed to load resource: net::ERR_BLOCKED_BY_CLIENT @ https://collector.github.com/github/collect:0
[ 1560595ms] [ERROR] Failed to load resource: net::ERR_BLOCKED_BY_CLIENT @ https://collector.github.com/github/collect:0
[ 1560679ms] [ERROR] Failed to load resource: net::ERR_BLOCKED_BY_CLIENT @ https://collector.github.com/github/collect:0
[ 1560758ms] [ERROR] Failed to load resource: net::ERR_BLOCKED_BY_CLIENT @ https://collector.github.com/github/collect:0
[ 1560927ms] [ERROR] Failed to load resource: net::ERR_BLOCKED_BY_CLIENT @ https://collector.github.com/github/collect:0
[ 1561007ms] [ERROR] Failed to load resource: net::ERR_BLOCKED_BY_CLIENT @ https://collector.github.com/github/collect:0
[ 1561094ms] [ERROR] Failed to load resource: net::ERR_BLOCKED_BY_CLIENT @ https://collector.github.com/github/collect:0
[ 1561183ms] [ERROR] Failed to load resource: net::ERR_BLOCKED_BY_CLIENT @ https://collector.github.com/github/collect:0
[ 1561262ms] [ERROR] Failed to load resource: net::ERR_BLOCKED_BY_CLIENT @ https://collector.github.com/github/collect:0
[ 1561341ms] [ERROR] Failed to load resource: net::ERR_BLOCKED_BY_CLIENT @ https://collector.github.com/github/collect:0
[ 1561428ms] [ERROR] Failed to load resource: net::ERR_BLOCKED_BY_CLIENT @ https://collector.github.com/github/collect:0
[ 1561512ms] [ERROR] Failed to load resource: net::ERR_BLOCKED_BY_CLIENT @ https://collector.github.com/github/collect:0
[ 1561596ms] [ERROR] Failed to load resource: net::ERR_BLOCKED_BY_CLIENT @ https://collector.github.com/github/collect:0
[ 1561679ms] [ERROR] Failed to load resource: net::ERR_BLOCKED_BY_CLIENT @ https://collector.github.com/github/collect:0
[ 1561764ms] [ERROR] Failed to load resource: net::ERR_BLOCKED_BY_CLIENT @ https://collector.github.com/github/collect:0
[ 1561849ms] [ERROR] Failed to load resource: net::ERR_BLOCKED_BY_CLIENT @ https://collector.github.com/github/collect:0
[ 1561933ms] [ERROR] Failed to load resource: net::ERR_BLOCKED_BY_CLIENT @ https://collector.github.com/github/collect:0
[ 1562027ms] [ERROR] Failed to load resource: net::ERR_BLOCKED_BY_CLIENT @ https://collector.github.com/github/collect:0
[ 1562112ms] [ERROR] Failed to load resource: net::ERR_BLOCKED_BY_CLIENT @ https://collector.github.com/github/collect:0
[ 1562197ms] [ERROR] Failed to load resource: net::ERR_BLOCKED_BY_CLIENT @ https://collector.github.com/github/collect:0
[ 1562294ms] [ERROR] Failed to load resource: net::ERR_BLOCKED_BY_CLIENT @ https://collector.github.com/github/collect:0
[ 1562383ms] [ERROR] Failed to load resource: net::ERR_BLOCKED_BY_CLIENT @ https://collector.github.com/github/collect:0
[ 1562465ms] [ERROR] Failed to load resource: net::ERR_BLOCKED_BY_CLIENT @ https://collector.github.com/github/collect:0
[ 1562556ms] [ERROR] Failed to load resource: net::ERR_BLOCKED_BY_CLIENT @ https://collector.github.com/github/collect:0
[ 1562645ms] [ERROR] Failed to load resource: net::ERR_BLOCKED_BY_CLIENT @ https://collector.github.com/github/collect:0
[ 1562730ms] [ERROR] Failed to load resource: net::ERR_BLOCKED_BY_CLIENT @ https://collector.github.com/github/collect:0
[ 1562826ms] [ERROR] Failed to load resource: net::ERR_BLOCKED_BY_CLIENT @ https://collector.github.com/github/collect:0
[ 1562911ms] [ERROR] Failed to load resource: net::ERR_BLOCKED_BY_CLIENT @ https://collector.github.com/github/collect:0
[ 1562999ms] [ERROR] Failed to load resource: net::ERR_BLOCKED_BY_CLIENT @ https://collector.github.com/github/collect:0
[ 1563096ms] [ERROR] Failed to load resource: net::ERR_BLOCKED_BY_CLIENT @ https://collector.github.com/github/collect:0
[ 1563182ms] [ERROR] Failed to load resource: net::ERR_BLOCKED_BY_CLIENT @ https://collector.github.com/github/collect:0
[ 1563280ms] [ERROR] Failed to load resource: net::ERR_BLOCKED_BY_CLIENT @ https://collector.github.com/github/collect:0
[ 1563364ms] [ERROR] Failed to load resource: net::ERR_BLOCKED_BY_CLIENT @ https://collector.github.com/github/collect:0
[ 1563457ms] [ERROR] Failed to load resource: net::ERR_BLOCKED_BY_CLIENT @ https://collector.github.com/github/collect:0
[ 1563546ms] [ERROR] Failed to load resource: net::ERR_BLOCKED_BY_CLIENT @ https://collector.github.com/github/collect:0
[ 1563631ms] [ERROR] Failed to load resource: net::ERR_BLOCKED_BY_CLIENT @ https://collector.github.com/github/collect:0
[ 1563724ms] [ERROR] Failed to load resource: net::ERR_BLOCKED_BY_CLIENT @ https://collector.github.com/github/collect:0
[ 1563813ms] [ERROR] Failed to load resource: net::ERR_BLOCKED_BY_CLIENT @ https://collector.github.com/github/collect:0
[ 1563901ms] [ERROR] Failed to load resource: net::ERR_BLOCKED_BY_CLIENT @ https://collector.github.com/github/collect:0
[ 1564084ms] [ERROR] Failed to load resource: net::ERR_BLOCKED_BY_CLIENT @ https://collector.github.com/github/collect:0
[ 1564181ms] [ERROR] Failed to load resource: net::ERR_BLOCKED_BY_CLIENT @ https://collector.github.com/github/collect:0
[ 1564277ms] [ERROR] Failed to load resource: net::ERR_BLOCKED_BY_CLIENT @ https://collector.github.com/github/collect:0
[ 1564363ms] [ERROR] Failed to load resource: net::ERR_BLOCKED_BY_CLIENT @ https://collector.github.com/github/collect:0
[ 1564445ms] [ERROR] Failed to load resource: net::ERR_BLOCKED_BY_CLIENT @ https://collector.github.com/github/collect:0
[ 1564531ms] [ERROR] Failed to load resource: net::ERR_BLOCKED_BY_CLIENT @ https://collector.github.com/github/collect:0
[ 1564622ms] [ERROR] Failed to load resource: net::ERR_BLOCKED_BY_CLIENT @ https://collector.github.com/github/collect:0
[ 1564712ms] [ERROR] Failed to load resource: net::ERR_BLOCKED_BY_CLIENT @ https://collector.github.com/github/collect:0
[ 1564809ms] [ERROR] Failed to load resource: net::ERR_BLOCKED_BY_CLIENT @ https://collector.github.com/github/collect:0
[ 1564895ms] [ERROR] Failed to load resource: net::ERR_BLOCKED_BY_CLIENT @ https://collector.github.com/github/collect:0
[ 1564981ms] [ERROR] Failed to load resource: net::ERR_BLOCKED_BY_CLIENT @ https://collector.github.com/github/collect:0
[ 1565078ms] [ERROR] Failed to load resource: net::ERR_BLOCKED_BY_CLIENT @ https://collector.github.com/github/collect:0
[ 1565161ms] [ERROR] Failed to load resource: net::ERR_BLOCKED_BY_CLIENT @ https://collector.github.com/github/collect:0
[ 1565250ms] [ERROR] Failed to load resource: net::ERR_BLOCKED_BY_CLIENT @ https://collector.github.com/github/collect:0
[ 1565343ms] [ERROR] Failed to load resource: net::ERR_BLOCKED_BY_CLIENT @ https://collector.github.com/github/collect:0
[ 1565428ms] [ERROR] Failed to load resource: net::ERR_BLOCKED_BY_CLIENT @ https://collector.github.com/github/collect:0
[ 1565517ms] [ERROR] Failed to load resource: net::ERR_BLOCKED_BY_CLIENT @ https://collector.github.com/github/collect:0
[ 1565611ms] [ERROR] Failed to load resource: net::ERR_BLOCKED_BY_CLIENT @ https://collector.github.com/github/collect:0
[ 1565693ms] [ERROR] Failed to load resource: net::ERR_BLOCKED_BY_CLIENT @ https://collector.github.com/github/collect:0
[ 1565781ms] [ERROR] Failed to load resource: net::ERR_BLOCKED_BY_CLIENT @ https://collector.github.com/github/collect:0
[ 1565873ms] [ERROR] Failed to load resource: net::ERR_BLOCKED_BY_CLIENT @ https://collector.github.com/github/collect:0
[ 1566049ms] [ERROR] Failed to load resource: net::ERR_BLOCKED_BY_CLIENT @ https://collector.github.com/github/collect:0
[ 1566141ms] [ERROR] Failed to load resource: net::ERR_BLOCKED_BY_CLIENT @ https://collector.github.com/github/collect:0
[ 1566227ms] [ERROR] Failed to load resource: net::ERR_BLOCKED_BY_CLIENT @ https://collector.github.com/github/collect:0
[ 1566313ms] [ERROR] Failed to load resource: net::ERR_BLOCKED_BY_CLIENT @ https://collector.github.com/github/collect:0
[ 1566406ms] [ERROR] Failed to load resource: net::ERR_BLOCKED_BY_CLIENT @ https://collector.github.com/github/collect:0
[ 1566494ms] [ERROR] Failed to load resource: net::ERR_BLOCKED_BY_CLIENT @ https://collector.github.com/github/collect:0
[ 1566582ms] [ERROR] Failed to load resource: net::ERR_BLOCKED_BY_CLIENT @ https://collector.github.com/github/collect:0
[ 1566766ms] [ERROR] Failed to load resource: net::ERR_BLOCKED_BY_CLIENT @ https://collector.github.com/github/collect:0
[ 1566860ms] [ERROR] Failed to load resource: net::ERR_BLOCKED_BY_CLIENT @ https://collector.github.com/github/collect:0
[ 1566949ms] [ERROR] Failed to load resource: net::ERR_BLOCKED_BY_CLIENT @ https://collector.github.com/github/collect:0
[ 1567044ms] [ERROR] Failed to load resource: net::ERR_BLOCKED_BY_CLIENT @ https://collector.github.com/github/collect:0
[ 1567130ms] [ERROR] Failed to load resource: net::ERR_BLOCKED_BY_CLIENT @ https://collector.github.com/github/collect:0
[ 1567217ms] [ERROR] Failed to load resource: net::ERR_BLOCKED_BY_CLIENT @ https://collector.github.com/github/collect:0
[ 1567311ms] [ERROR] Failed to load resource: net::ERR_BLOCKED_BY_CLIENT @ https://collector.github.com/github/collect:0
[ 1567495ms] [ERROR] Failed to load resource: net::ERR_BLOCKED_BY_CLIENT @ https://collector.github.com/github/collect:0
[ 1567582ms] [ERROR] Failed to load resource: net::ERR_BLOCKED_BY_CLIENT @ https://collector.github.com/github/collect:0
[ 1567678ms] [ERROR] Failed to load resource: net::ERR_BLOCKED_BY_CLIENT @ https://collector.github.com/github/collect:0
[ 1567777ms] [ERROR] Failed to load resource: net::ERR_BLOCKED_BY_CLIENT @ https://collector.github.com/github/collect:0
[ 1567866ms] [ERROR] Failed to load resource: net::ERR_BLOCKED_BY_CLIENT @ https://collector.github.com/github/collect:0
[ 1568058ms] [ERROR] Failed to load resource: net::ERR_BLOCKED_BY_CLIENT @ https://collector.github.com/github/collect:0
[ 1568149ms] [ERROR] Failed to load resource: net::ERR_BLOCKED_BY_CLIENT @ https://collector.github.com/github/collect:0
[ 1568232ms] [ERROR] Failed to load resource: net::ERR_BLOCKED_BY_CLIENT @ https://collector.github.com/github/collect:0
[ 1568323ms] [ERROR] Failed to load resource: net::ERR_BLOCKED_BY_CLIENT @ https://collector.github.com/github/collect:0
[ 1568415ms] [ERROR] Failed to load resource: net::ERR_BLOCKED_BY_CLIENT @ https://collector.github.com/github/collect:0
[ 1568511ms] [ERROR] Failed to load resource: net::ERR_BLOCKED_BY_CLIENT @ https://collector.github.com/github/collect:0
[ 1568597ms] [ERROR] Failed to load resource: net::ERR_BLOCKED_BY_CLIENT @ https://collector.github.com/github/collect:0
[ 1568693ms] [ERROR] Failed to load resource: net::ERR_BLOCKED_BY_CLIENT @ https://collector.github.com/github/collect:0
[ 1568780ms] [ERROR] Failed to load resource: net::ERR_BLOCKED_BY_CLIENT @ https://collector.github.com/github/collect:0
[ 1568878ms] [ERROR] Failed to load resource: net::ERR_BLOCKED_BY_CLIENT @ https://collector.github.com/github/collect:0
[ 1568967ms] [ERROR] Failed to load resource: net::ERR_BLOCKED_BY_CLIENT @ https://collector.github.com/github/collect:0
[ 1569062ms] [ERROR] Failed to load resource: net::ERR_BLOCKED_BY_CLIENT @ https://collector.github.com/github/collect:0
[ 1569155ms] [ERROR] Failed to load resource: net::ERR_BLOCKED_BY_CLIENT @ https://collector.github.com/github/collect:0
[ 1569247ms] [ERROR] Failed to load resource: net::ERR_BLOCKED_BY_CLIENT @ https://collector.github.com/github/collect:0
[ 1569338ms] [ERROR] Failed to load resource: net::ERR_BLOCKED_BY_CLIENT @ https://collector.github.com/github/collect:0
[ 1569428ms] [ERROR] Failed to load resource: net::ERR_BLOCKED_BY_CLIENT @ https://collector.github.com/github/collect:0
[ 1569517ms] [ERROR] Failed to load resource: net::ERR_BLOCKED_BY_CLIENT @ https://collector.github.com/github/collect:0
[ 1569612ms] [ERROR] Failed to load resource: net::ERR_BLOCKED_BY_CLIENT @ https://collector.github.com/github/collect:0
[ 1569697ms] [ERROR] Failed to load resource: net::ERR_BLOCKED_BY_CLIENT @ https://collector.github.com/github/collect:0
[ 1569794ms] [ERROR] Failed to load resource: net::ERR_BLOCKED_BY_CLIENT @ https://collector.github.com/github/collect:0
[ 1569880ms] [ERROR] Failed to load resource: net::ERR_BLOCKED_BY_CLIENT @ https://collector.github.com/github/collect:0
[ 1569966ms] [ERROR] Failed to load resource: net::ERR_BLOCKED_BY_CLIENT @ https://collector.github.com/github/collect:0
[ 1570059ms] [ERROR] Failed to load resource: net::ERR_BLOCKED_BY_CLIENT @ https://collector.github.com/github/collect:0
[ 1570147ms] [ERROR] Failed to load resource: net::ERR_BLOCKED_BY_CLIENT @ https://collector.github.com/github/collect:0
[ 1570246ms] [ERROR] Failed to load resource: net::ERR_BLOCKED_BY_CLIENT @ https://collector.github.com/github/collect:0
[ 1570334ms] [ERROR] Failed to load resource: net::ERR_BLOCKED_BY_CLIENT @ https://collector.github.com/github/collect:0
[ 1570433ms] [ERROR] Failed to load resource: net::ERR_BLOCKED_BY_CLIENT @ https://collector.github.com/github/collect:0
[ 1570532ms] [ERROR] Failed to load resource: net::ERR_BLOCKED_BY_CLIENT @ https://collector.github.com/github/collect:0
[ 1570616ms] [ERROR] Failed to load resource: net::ERR_BLOCKED_BY_CLIENT @ https://collector.github.com/github/collect:0
[ 1570713ms] [ERROR] Failed to load resource: net::ERR_BLOCKED_BY_CLIENT @ https://collector.github.com/github/collect:0
[ 1570799ms] [ERROR] Failed to load resource: net::ERR_BLOCKED_BY_CLIENT @ https://collector.github.com/github/collect:0
[ 1570896ms] [ERROR] Failed to load resource: net::ERR_BLOCKED_BY_CLIENT @ https://collector.github.com/github/collect:0
[ 1570991ms] [ERROR] Failed to load resource: net::ERR_BLOCKED_BY_CLIENT @ https://collector.github.com/github/collect:0
[ 1571080ms] [ERROR] Failed to load resource: net::ERR_BLOCKED_BY_CLIENT @ https://collector.github.com/github/collect:0
[ 1571177ms] [ERROR] Failed to load resource: net::ERR_BLOCKED_BY_CLIENT @ https://collector.github.com/github/collect:0
[ 1571264ms] [ERROR] Failed to load resource: net::ERR_BLOCKED_BY_CLIENT @ https://collector.github.com/github/collect:0
[ 1571357ms] [ERROR] Failed to load resource: net::ERR_BLOCKED_BY_CLIENT @ https://collector.github.com/github/collect:0
[ 1571444ms] [ERROR] Failed to load resource: net::ERR_BLOCKED_BY_CLIENT @ https://collector.github.com/github/collect:0
[ 1571531ms] [ERROR] Failed to load resource: net::ERR_BLOCKED_BY_CLIENT @ https://collector.github.com/github/collect:0
[ 1571630ms] [ERROR] Failed to load resource: net::ERR_BLOCKED_BY_CLIENT @ https://collector.github.com/github/collect:0
[ 1571715ms] [ERROR] Failed to load resource: net::ERR_BLOCKED_BY_CLIENT @ https://collector.github.com/github/collect:0
[ 1571809ms] [ERROR] Failed to load resource: net::ERR_BLOCKED_BY_CLIENT @ https://collector.github.com/github/collect:0
[ 1571894ms] [ERROR] Failed to load resource: net::ERR_BLOCKED_BY_CLIENT @ https://collector.github.com/github/collect:0
[ 1571977ms] [ERROR] Failed to load resource: net::ERR_BLOCKED_BY_CLIENT @ https://collector.github.com/github/collect:0
[ 1572065ms] [ERROR] Failed to load resource: net::ERR_BLOCKED_BY_CLIENT @ https://collector.github.com/github/collect:0
[ 1572163ms] [ERROR] Failed to load resource: net::ERR_BLOCKED_BY_CLIENT @ https://collector.github.com/github/collect:0
[ 1572256ms] [ERROR] Failed to load resource: net::ERR_BLOCKED_BY_CLIENT @ https://collector.github.com/github/collect:0
[ 1572348ms] [ERROR] Failed to load resource: net::ERR_BLOCKED_BY_CLIENT @ https://collector.github.com/github/collect:0
[ 1572445ms] [ERROR] Failed to load resource: net::ERR_BLOCKED_BY_CLIENT @ https://collector.github.com/github/collect:0
[ 1572534ms] [ERROR] Failed to load resource: net::ERR_BLOCKED_BY_CLIENT @ https://collector.github.com/github/collect:0
[ 1572629ms] [ERROR] Failed to load resource: net::ERR_BLOCKED_BY_CLIENT @ https://collector.github.com/github/collect:0
[ 1572729ms] [ERROR] Failed to load resource: net::ERR_BLOCKED_BY_CLIENT @ https://collector.github.com/github/collect:0
[ 1572816ms] [ERROR] Failed to load resource: net::ERR_BLOCKED_BY_CLIENT @ https://collector.github.com/github/collect:0
[ 1572914ms] [ERROR] Failed to load resource: net::ERR_BLOCKED_BY_CLIENT @ https://collector.github.com/github/collect:0
[ 1573008ms] [ERROR] Failed to load resource: net::ERR_BLOCKED_BY_CLIENT @ https://collector.github.com/github/collect:0
[ 1573114ms] [ERROR] Failed to load resource: net::ERR_BLOCKED_BY_CLIENT @ https://collector.github.com/github/collect:0
[ 1573199ms] [ERROR] Failed to load resource: net::ERR_BLOCKED_BY_CLIENT @ https://collector.github.com/github/collect:0
[ 1573297ms] [ERROR] Failed to load resource: net::ERR_BLOCKED_BY_CLIENT @ https://collector.github.com/github/collect:0
[ 1573383ms] [ERROR] Failed to load resource: net::ERR_BLOCKED_BY_CLIENT @ https://collector.github.com/github/collect:0
[ 1573476ms] [ERROR] Failed to load resource: net::ERR_BLOCKED_BY_CLIENT @ https://collector.github.com/github/collect:0
[ 1573564ms] [ERROR] Failed to load resource: net::ERR_BLOCKED_BY_CLIENT @ https://collector.github.com/github/collect:0
[ 1573664ms] [ERROR] Failed to load resource: net::ERR_BLOCKED_BY_CLIENT @ https://collector.github.com/github/collect:0
[ 1573750ms] [ERROR] Failed to load resource: net::ERR_BLOCKED_BY_CLIENT @ https://collector.github.com/github/collect:0
[ 1573845ms] [ERROR] Failed to load resource: net::ERR_BLOCKED_BY_CLIENT @ https://collector.github.com/github/collect:0
[ 1573932ms] [ERROR] Failed to load resource: net::ERR_BLOCKED_BY_CLIENT @ https://collector.github.com/github/collect:0
[ 1574025ms] [ERROR] Failed to load resource: net::ERR_BLOCKED_BY_CLIENT @ https://collector.github.com/github/collect:0
[ 1574113ms] [ERROR] Failed to load resource: net::ERR_BLOCKED_BY_CLIENT @ https://collector.github.com/github/collect:0
[ 1574208ms] [ERROR] Failed to load resource: net::ERR_BLOCKED_BY_CLIENT @ https://collector.github.com/github/collect:0
[ 1574297ms] [ERROR] Failed to load resource: net::ERR_BLOCKED_BY_CLIENT @ https://collector.github.com/github/collect:0
[ 1574383ms] [ERROR] Failed to load resource: net::ERR_BLOCKED_BY_CLIENT @ https://collector.github.com/github/collect:0
[ 1574476ms] [ERROR] Failed to load resource: net::ERR_BLOCKED_BY_CLIENT @ https://collector.github.com/github/collect:0
[ 1574562ms] [ERROR] Failed to load resource: net::ERR_BLOCKED_BY_CLIENT @ https://collector.github.com/github/collect:0
[ 1574651ms] [ERROR] Failed to load resource: net::ERR_BLOCKED_BY_CLIENT @ https://collector.github.com/github/collect:0
[ 1574746ms] [ERROR] Failed to load resource: net::ERR_BLOCKED_BY_CLIENT @ https://collector.github.com/github/collect:0
[ 1574830ms] [ERROR] Failed to load resource: net::ERR_BLOCKED_BY_CLIENT @ https://collector.github.com/github/collect:0
[ 1575010ms] [ERROR] Failed to load resource: net::ERR_BLOCKED_BY_CLIENT @ https://collector.github.com/github/collect:0
[ 1575095ms] [ERROR] Failed to load resource: net::ERR_BLOCKED_BY_CLIENT @ https://collector.github.com/github/collect:0
[ 1575192ms] [ERROR] Failed to load resource: net::ERR_BLOCKED_BY_CLIENT @ https://collector.github.com/github/collect:0
[ 1575282ms] [ERROR] Failed to load resource: net::ERR_BLOCKED_BY_CLIENT @ https://collector.github.com/github/collect:0
[ 1575363ms] [ERROR] Failed to load resource: net::ERR_BLOCKED_BY_CLIENT @ https://collector.github.com/github/collect:0
[ 1575451ms] [ERROR] Failed to load resource: net::ERR_BLOCKED_BY_CLIENT @ https://collector.github.com/github/collect:0
[ 1575526ms] [ERROR] Failed to load resource: net::ERR_BLOCKED_BY_CLIENT @ https://collector.github.com/github/collect:0
[ 1575600ms] [ERROR] Failed to load resource: net::ERR_BLOCKED_BY_CLIENT @ https://collector.github.com/github/collect:0
[ 1575682ms] [ERROR] Failed to load resource: net::ERR_BLOCKED_BY_CLIENT @ https://collector.github.com/github/collect:0
[ 1575764ms] [ERROR] Failed to load resource: net::ERR_BLOCKED_BY_CLIENT @ https://collector.github.com/github/collect:0
[ 1575847ms] [ERROR] Failed to load resource: net::ERR_BLOCKED_BY_CLIENT @ https://collector.github.com/github/collect:0
[ 1575932ms] [ERROR] Failed to load resource: net::ERR_BLOCKED_BY_CLIENT @ https://collector.github.com/github/collect:0
[ 1576029ms] [ERROR] Failed to load resource: net::ERR_BLOCKED_BY_CLIENT @ https://collector.github.com/github/collect:0
[ 1576111ms] [ERROR] Failed to load resource: net::ERR_BLOCKED_BY_CLIENT @ https://collector.github.com/github/collect:0
[ 1576198ms] [ERROR] Failed to load resource: net::ERR_BLOCKED_BY_CLIENT @ https://collector.github.com/github/collect:0
[ 1576285ms] [ERROR] Failed to load resource: net::ERR_BLOCKED_BY_CLIENT @ https://collector.github.com/github/collect:0
[ 1576379ms] [ERROR] Failed to load resource: net::ERR_BLOCKED_BY_CLIENT @ https://collector.github.com/github/collect:0
[ 1576462ms] [ERROR] Failed to load resource: net::ERR_BLOCKED_BY_CLIENT @ https://collector.github.com/github/collect:0
[ 1576549ms] [ERROR] Failed to load resource: net::ERR_BLOCKED_BY_CLIENT @ https://collector.github.com/github/collect:0
[ 1576641ms] [ERROR] Failed to load resource: net::ERR_BLOCKED_BY_CLIENT @ https://collector.github.com/github/collect:0
[ 1576728ms] [ERROR] Failed to load resource: net::ERR_BLOCKED_BY_CLIENT @ https://collector.github.com/github/collect:0
[ 1576816ms] [ERROR] Failed to load resource: net::ERR_BLOCKED_BY_CLIENT @ https://collector.github.com/github/collect:0
[ 1576911ms] [ERROR] Failed to load resource: net::ERR_BLOCKED_BY_CLIENT @ https://collector.github.com/github/collect:0
[ 1577001ms] [ERROR] Failed to load resource: net::ERR_BLOCKED_BY_CLIENT @ https://collector.github.com/github/collect:0
[ 1577078ms] [ERROR] Failed to load resource: net::ERR_BLOCKED_BY_CLIENT @ https://collector.github.com/github/collect:0
[ 1577162ms] [ERROR] Failed to load resource: net::ERR_BLOCKED_BY_CLIENT @ https://collector.github.com/github/collect:0
[ 1577248ms] [ERROR] Failed to load resource: net::ERR_BLOCKED_BY_CLIENT @ https://collector.github.com/github/collect:0
[ 1577345ms] [ERROR] Failed to load resource: net::ERR_BLOCKED_BY_CLIENT @ https://collector.github.com/github/collect:0
[ 1577500ms] [ERROR] Failed to load resource: net::ERR_BLOCKED_BY_CLIENT @ https://collector.github.com/github/collect:0
[ 1577602ms] [ERROR] Failed to load resource: net::ERR_BLOCKED_BY_CLIENT @ https://collector.github.com/github/collect:0
[ 1577679ms] [ERROR] Failed to load resource: net::ERR_BLOCKED_BY_CLIENT @ https://collector.github.com/github/collect:0
[ 1577764ms] [ERROR] Failed to load resource: net::ERR_BLOCKED_BY_CLIENT @ https://collector.github.com/github/collect:0
[ 1577848ms] [ERROR] Failed to load resource: net::ERR_BLOCKED_BY_CLIENT @ https://collector.github.com/github/collect:0
[ 1577932ms] [ERROR] Failed to load resource: net::ERR_BLOCKED_BY_CLIENT @ https://collector.github.com/github/collect:0
[ 1578015ms] [ERROR] Failed to load resource: net::ERR_BLOCKED_BY_CLIENT @ https://collector.github.com/github/collect:0
[ 1578100ms] [ERROR] Failed to load resource: net::ERR_BLOCKED_BY_CLIENT @ https://collector.github.com/github/collect:0
[ 1578269ms] [ERROR] Failed to load resource: net::ERR_BLOCKED_BY_CLIENT @ https://collector.github.com/github/collect:0
[ 1578346ms] [ERROR] Failed to load resource: net::ERR_BLOCKED_BY_CLIENT @ https://collector.github.com/github/collect:0
[ 1578431ms] [ERROR] Failed to load resource: net::ERR_BLOCKED_BY_CLIENT @ https://collector.github.com/github/collect:0
[ 1578511ms] [ERROR] Failed to load resource: net::ERR_BLOCKED_BY_CLIENT @ https://collector.github.com/github/collect:0
[ 1578752ms] [ERROR] Failed to load resource: net::ERR_BLOCKED_BY_CLIENT @ https://collector.github.com/github/collect:0
[ 1578835ms] [ERROR] Failed to load resource: net::ERR_BLOCKED_BY_CLIENT @ https://collector.github.com/github/collect:0
[ 1578915ms] [ERROR] Failed to load resource: net::ERR_BLOCKED_BY_CLIENT @ https://collector.github.com/github/collect:0
[ 1578997ms] [ERROR] Failed to load resource: net::ERR_BLOCKED_BY_CLIENT @ https://collector.github.com/github/collect:0
[ 1579079ms] [ERROR] Failed to load resource: net::ERR_BLOCKED_BY_CLIENT @ https://collector.github.com/github/collect:0
[ 1579159ms] [ERROR] Failed to load resource: net::ERR_BLOCKED_BY_CLIENT @ https://collector.github.com/github/collect:0
[ 1579243ms] [ERROR] Failed to load resource: net::ERR_BLOCKED_BY_CLIENT @ https://collector.github.com/github/collect:0
[ 1579335ms] [ERROR] Failed to load resource: net::ERR_BLOCKED_BY_CLIENT @ https://collector.github.com/github/collect:0
[ 1579399ms] [ERROR] Failed to load resource: net::ERR_BLOCKED_BY_CLIENT @ https://collector.github.com/github/collect:0
[ 1579478ms] [ERROR] Failed to load resource: net::ERR_BLOCKED_BY_CLIENT @ https://collector.github.com/github/collect:0
[ 1579635ms] [ERROR] Failed to load resource: net::ERR_BLOCKED_BY_CLIENT @ https://collector.github.com/github/collect:0
[ 1579713ms] [ERROR] Failed to load resource: net::ERR_BLOCKED_BY_CLIENT @ https://collector.github.com/github/collect:0
[ 1579869ms] [ERROR] Failed to load resource: net::ERR_BLOCKED_BY_CLIENT @ https://collector.github.com/github/collect:0
[ 1579947ms] [ERROR] Failed to load resource: net::ERR_BLOCKED_BY_CLIENT @ https://collector.github.com/github/collect:0
[ 1580026ms] [ERROR] Failed to load resource: net::ERR_BLOCKED_BY_CLIENT @ https://collector.github.com/github/collect:0
[ 1580185ms] [ERROR] Failed to load resource: net::ERR_BLOCKED_BY_CLIENT @ https://collector.github.com/github/collect:0
[ 1580263ms] [ERROR] Failed to load resource: net::ERR_BLOCKED_BY_CLIENT @ https://collector.github.com/github/collect:0
[ 1580344ms] [ERROR] Failed to load resource: net::ERR_BLOCKED_BY_CLIENT @ https://collector.github.com/github/collect:0
[ 1580502ms] [ERROR] Failed to load resource: net::ERR_BLOCKED_BY_CLIENT @ https://collector.github.com/github/collect:0
[ 1580582ms] [ERROR] Failed to load resource: net::ERR_BLOCKED_BY_CLIENT @ https://collector.github.com/github/collect:0
[ 1580665ms] [ERROR] Failed to load resource: net::ERR_BLOCKED_BY_CLIENT @ https://collector.github.com/github/collect:0
[ 1580747ms] [ERROR] Failed to load resource: net::ERR_BLOCKED_BY_CLIENT @ https://collector.github.com/github/collect:0
[ 1580911ms] [ERROR] Failed to load resource: net::ERR_BLOCKED_BY_CLIENT @ https://collector.github.com/github/collect:0
[ 1581151ms] [ERROR] Failed to load resource: net::ERR_BLOCKED_BY_CLIENT @ https://collector.github.com/github/collect:0
[ 1581232ms] [ERROR] Failed to load resource: net::ERR_BLOCKED_BY_CLIENT @ https://collector.github.com/github/collect:0
[ 1581395ms] [ERROR] Failed to load resource: net::ERR_BLOCKED_BY_CLIENT @ https://collector.github.com/github/collect:0
[ 1581562ms] [ERROR] Failed to load resource: net::ERR_BLOCKED_BY_CLIENT @ https://collector.github.com/github/collect:0
[ 1581735ms] [ERROR] Failed to load resource: net::ERR_BLOCKED_BY_CLIENT @ https://collector.github.com/github/collect:0
[ 1581817ms] [ERROR] Failed to load resource: net::ERR_BLOCKED_BY_CLIENT @ https://collector.github.com/github/collect:0
[ 1581885ms] [ERROR] Failed to load resource: net::ERR_BLOCKED_BY_CLIENT @ https://collector.github.com/github/collect:0
[ 1581966ms] [ERROR] Failed to load resource: net::ERR_BLOCKED_BY_CLIENT @ https://collector.github.com/github/collect:0
[ 1582048ms] [ERROR] Failed to load resource: net::ERR_BLOCKED_BY_CLIENT @ https://collector.github.com/github/collect:0
[ 1582132ms] [ERROR] Failed to load resource: net::ERR_BLOCKED_BY_CLIENT @ https://collector.github.com/github/collect:0
[ 1582214ms] [ERROR] Failed to load resource: net::ERR_BLOCKED_BY_CLIENT @ https://collector.github.com/github/collect:0
[ 1582299ms] [ERROR] Failed to load resource: net::ERR_BLOCKED_BY_CLIENT @ https://collector.github.com/github/collect:0
[ 1582381ms] [ERROR] Failed to load resource: net::ERR_BLOCKED_BY_CLIENT @ https://collector.github.com/github/collect:0
[ 1582465ms] [ERROR] Failed to load resource: net::ERR_BLOCKED_BY_CLIENT @ https://collector.github.com/github/collect:0
[ 1582546ms] [ERROR] Failed to load resource: net::ERR_BLOCKED_BY_CLIENT @ https://collector.github.com/github/collect:0
[ 1582631ms] [ERROR] Failed to load resource: net::ERR_BLOCKED_BY_CLIENT @ https://collector.github.com/github/collect:0
[ 1582713ms] [ERROR] Failed to load resource: net::ERR_BLOCKED_BY_CLIENT @ https://collector.github.com/github/collect:0
[ 1582798ms] [ERROR] Failed to load resource: net::ERR_BLOCKED_BY_CLIENT @ https://collector.github.com/github/collect:0
[ 1582894ms] [ERROR] Failed to load resource: net::ERR_BLOCKED_BY_CLIENT @ https://collector.github.com/github/collect:0
[ 1583218ms] [ERROR] Failed to load resource: net::ERR_BLOCKED_BY_CLIENT @ https://collector.github.com/github/collect:0
[ 1583300ms] [ERROR] Failed to load resource: net::ERR_BLOCKED_BY_CLIENT @ https://collector.github.com/github/collect:0
[ 1583368ms] [ERROR] Failed to load resource: net::ERR_BLOCKED_BY_CLIENT @ https://collector.github.com/github/collect:0
[ 1583453ms] [ERROR] Failed to load resource: net::ERR_BLOCKED_BY_CLIENT @ https://collector.github.com/github/collect:0
[ 1583534ms] [ERROR] Failed to load resource: net::ERR_BLOCKED_BY_CLIENT @ https://collector.github.com/github/collect:0
[ 1583615ms] [ERROR] Failed to load resource: net::ERR_BLOCKED_BY_CLIENT @ https://collector.github.com/github/collect:0
[ 1583698ms] [ERROR] Failed to load resource: net::ERR_BLOCKED_BY_CLIENT @ https://collector.github.com/github/collect:0
[ 1583799ms] [ERROR] Failed to load resource: net::ERR_BLOCKED_BY_CLIENT @ https://collector.github.com/github/collect:0
[ 1584301ms] [ERROR] Failed to load resource: net::ERR_BLOCKED_BY_CLIENT @ https://collector.github.com/github/collect:0
[ 1584383ms] [ERROR] Failed to load resource: net::ERR_BLOCKED_BY_CLIENT @ https://collector.github.com/github/collect:0
[ 1584552ms] [ERROR] Failed to load resource: net::ERR_BLOCKED_BY_CLIENT @ https://collector.github.com/github/collect:0
[ 1584796ms] [ERROR] Failed to load resource: net::ERR_BLOCKED_BY_CLIENT @ https://collector.github.com/github/collect:0
[ 1584877ms] [ERROR] Failed to load resource: net::ERR_BLOCKED_BY_CLIENT @ https://collector.github.com/github/collect:0
[ 1584963ms] [ERROR] Failed to load resource: net::ERR_BLOCKED_BY_CLIENT @ https://collector.github.com/github/collect:0
[ 1585047ms] [ERROR] Failed to load resource: net::ERR_BLOCKED_BY_CLIENT @ https://collector.github.com/github/collect:0
[ 1585133ms] [ERROR] Failed to load resource: net::ERR_BLOCKED_BY_CLIENT @ https://collector.github.com/github/collect:0
[ 1585215ms] [ERROR] Failed to load resource: net::ERR_BLOCKED_BY_CLIENT @ https://collector.github.com/github/collect:0
[ 1585297ms] [ERROR] Failed to load resource: net::ERR_BLOCKED_BY_CLIENT @ https://collector.github.com/github/collect:0
[ 1585378ms] [ERROR] Failed to load resource: net::ERR_BLOCKED_BY_CLIENT @ https://collector.github.com/github/collect:0
[ 1585552ms] [ERROR] Failed to load resource: net::ERR_BLOCKED_BY_CLIENT @ https://collector.github.com/github/collect:0
[ 1585718ms] [ERROR] Failed to load resource: net::ERR_BLOCKED_BY_CLIENT @ https://collector.github.com/github/collect:0
[ 1585785ms] [ERROR] Failed to load resource: net::ERR_BLOCKED_BY_CLIENT @ https://collector.github.com/github/collect:0
[ 1585864ms] [ERROR] Failed to load resource: net::ERR_BLOCKED_BY_CLIENT @ https://collector.github.com/github/collect:0
[ 1585949ms] [ERROR] Failed to load resource: net::ERR_BLOCKED_BY_CLIENT @ https://collector.github.com/github/collect:0
[ 1586033ms] [ERROR] Failed to load resource: net::ERR_BLOCKED_BY_CLIENT @ https://collector.github.com/github/collect:0
[ 1586113ms] [ERROR] Failed to load resource: net::ERR_BLOCKED_BY_CLIENT @ https://collector.github.com/github/collect:0
[ 1586199ms] [ERROR] Failed to load resource: net::ERR_BLOCKED_BY_CLIENT @ https://collector.github.com/github/collect:0
[ 1586279ms] [ERROR] Failed to load resource: net::ERR_BLOCKED_BY_CLIENT @ https://collector.github.com/github/collect:0
[ 1586452ms] [ERROR] Failed to load resource: net::ERR_BLOCKED_BY_CLIENT @ https://collector.github.com/github/collect:0
[ 1586514ms] [ERROR] Failed to load resource: net::ERR_BLOCKED_BY_CLIENT @ https://collector.github.com/github/collect:0
[ 1586596ms] [ERROR] Failed to load resource: net::ERR_BLOCKED_BY_CLIENT @ https://collector.github.com/github/collect:0
[ 1586769ms] [ERROR] Failed to load resource: net::ERR_BLOCKED_BY_CLIENT @ https://collector.github.com/github/collect:0
[ 1586836ms] [ERROR] Failed to load resource: net::ERR_BLOCKED_BY_CLIENT @ https://collector.github.com/github/collect:0
[ 1586913ms] [ERROR] Failed to load resource: net::ERR_BLOCKED_BY_CLIENT @ https://collector.github.com/github/collect:0
[ 1587086ms] [ERROR] Failed to load resource: net::ERR_BLOCKED_BY_CLIENT @ https://collector.github.com/github/collect:0
[ 1587150ms] [ERROR] Failed to load resource: net::ERR_BLOCKED_BY_CLIENT @ https://collector.github.com/github/collect:0
[ 1587230ms] [ERROR] Failed to load resource: net::ERR_BLOCKED_BY_CLIENT @ https://collector.github.com/github/collect:0
[ 1587386ms] [ERROR] Failed to load resource: net::ERR_BLOCKED_BY_CLIENT @ https://collector.github.com/github/collect:0
[ 1587464ms] [ERROR] Failed to load resource: net::ERR_BLOCKED_BY_CLIENT @ https://collector.github.com/github/collect:0
[ 1587715ms] [ERROR] Failed to load resource: net::ERR_BLOCKED_BY_CLIENT @ https://collector.github.com/github/collect:0
[ 1587863ms] [ERROR] Failed to load resource: net::ERR_BLOCKED_BY_CLIENT @ https://collector.github.com/github/collect:0
[ 1587951ms] [ERROR] Failed to load resource: net::ERR_BLOCKED_BY_CLIENT @ https://collector.github.com/github/collect:0
[ 1588016ms] [ERROR] Failed to load resource: net::ERR_BLOCKED_BY_CLIENT @ https://collector.github.com/github/collect:0
[ 1588112ms] [ERROR] Failed to load resource: net::ERR_BLOCKED_BY_CLIENT @ https://collector.github.com/github/collect:0
[ 1588249ms] [ERROR] Failed to load resource: net::ERR_BLOCKED_BY_CLIENT @ https://collector.github.com/github/collect:0
[ 1588365ms] [ERROR] Failed to load resource: net::ERR_BLOCKED_BY_CLIENT @ https://collector.github.com/github/collect:0
[ 1588444ms] [ERROR] Failed to load resource: net::ERR_BLOCKED_BY_CLIENT @ https://collector.github.com/github/collect:0
[ 1588563ms] [ERROR] Failed to load resource: net::ERR_BLOCKED_BY_CLIENT @ https://collector.github.com/github/collect:0
[ 1590650ms] [ERROR] Failed to load resource: net::ERR_BLOCKED_BY_CLIENT @ https://collector.github.com/github/collect:0
[ 1615702ms] [ERROR] Failed to load resource: net::ERR_BLOCKED_BY_CLIENT @ https://collector.github.com/github/collect:0
[ 1629851ms] [ERROR] Failed to load resource: net::ERR_BLOCKED_BY_CLIENT @ https://collector.github.com/github/collect:0
[ 1637452ms] [ERROR] Failed to load resource: net::ERR_BLOCKED_BY_CLIENT @ https://collector.github.com/github/collect:0
[ 1659413ms] [ERROR] Failed to load resource: net::ERR_BLOCKED_BY_CLIENT @ https://collector.github.com/github/collect:0
[ 1673597ms] [ERROR] Failed to load resource: net::ERR_BLOCKED_BY_CLIENT @ https://collector.github.com/github/collect:0
[ 1687035ms] [ERROR] Failed to load resource: net::ERR_BLOCKED_BY_CLIENT @ https://collector.github.com/github/collect:0
[ 1688831ms] [ERROR] Failed to load resource: net::ERR_BLOCKED_BY_CLIENT @ https://collector.github.com/github/collect:0
[ 1703288ms] [ERROR] Failed to load resource: net::ERR_BLOCKED_BY_CLIENT @ https://collector.github.com/github/collect:0
[ 1703518ms] [ERROR] Failed to load resource: net::ERR_BLOCKED_BY_CLIENT @ https://collector.github.com/github/collect:0
[ 1718888ms] [ERROR] Failed to load resource: net::ERR_BLOCKED_BY_CLIENT @ https://collector.github.com/github/collect:0
[ 1719097ms] [ERROR] Failed to load resource: net::ERR_BLOCKED_BY_CLIENT @ https://collector.github.com/github/collect:0
[ 1727847ms] [ERROR] Failed to load resource: net::ERR_BLOCKED_BY_CLIENT @ https://collector.github.com/github/collect:0
[ 1736129ms] [ERROR] Failed to load resource: net::ERR_BLOCKED_BY_CLIENT @ https://collector.github.com/github/collect:0
[ 1766499ms] [ERROR] Failed to load resource: net::ERR_BLOCKED_BY_CLIENT @ https://collector.github.com/github/collect:0
[ 1788467ms] [ERROR] Failed to load resource: net::ERR_BLOCKED_BY_CLIENT @ https://collector.github.com/github/collect:0
[ 1788688ms] [ERROR] Failed to load resource: net::ERR_BLOCKED_BY_CLIENT @ https://collector.github.com/github/collect:0
[ 1800933ms] [ERROR] Failed to load resource: net::ERR_BLOCKED_BY_CLIENT @ https://collector.github.com/github/collect:0
[ 1811701ms] [ERROR] Failed to load resource: net::ERR_BLOCKED_BY_CLIENT @ https://collector.github.com/github/collect:0
[ 1838334ms] [ERROR] Failed to load resource: net::ERR_BLOCKED_BY_CLIENT @ https://collector.github.com/github/collect:0
[ 1841685ms] [ERROR] Failed to load resource: net::ERR_BLOCKED_BY_CLIENT @ https://collector.github.com/github/collect:0
[ 1875688ms] [ERROR] Failed to load resource: net::ERR_BLOCKED_BY_CLIENT @ https://collector.github.com/github/collect:0
[ 1901833ms] [ERROR] Failed to load resource: net::ERR_BLOCKED_BY_CLIENT @ https://collector.github.com/github/collect:0
[ 1901935ms] [ERROR] Failed to load resource: net::ERR_BLOCKED_BY_CLIENT @ https://collector.github.com/github/collect:0
[ 1903673ms] [ERROR] Failed to load resource: net::ERR_BLOCKED_BY_CLIENT @ https://collector.github.com/github/collect:0
[ 1904341ms] [ERROR] Failed to load resource: net::ERR_BLOCKED_BY_CLIENT @ https://collector.github.com/github/collect:0
[ 1904988ms] [ERROR] Failed to load resource: net::ERR_BLOCKED_BY_CLIENT @ https://collector.github.com/github/collect:0
[ 1905072ms] [ERROR] Failed to load resource: net::ERR_BLOCKED_BY_CLIENT @ https://collector.github.com/github/collect:0
[ 1905367ms] [ERROR] Failed to load resource: net::ERR_BLOCKED_BY_CLIENT @ https://collector.github.com/github/collect:0
[ 1905402ms] [ERROR] Failed to load resource: net::ERR_BLOCKED_BY_CLIENT @ https://collector.github.com/github/collect:0
[ 1905806ms] [ERROR] Failed to load resource: net::ERR_BLOCKED_BY_CLIENT @ https://collector.github.com/github/collect:0
[ 1906222ms] [ERROR] Failed to load resource: net::ERR_BLOCKED_BY_CLIENT @ https://collector.github.com/github/collect:0
[ 1906739ms] [ERROR] Failed to load resource: net::ERR_BLOCKED_BY_CLIENT @ https://collector.github.com/github/collect:0
[ 1911337ms] [ERROR] Failed to load resource: net::ERR_BLOCKED_BY_CLIENT @ https://collector.github.com/github/collect:0
[ 1911774ms] [ERROR] Failed to load resource: net::ERR_BLOCKED_BY_CLIENT @ https://collector.github.com/github/collect:0
[ 1911842ms] [ERROR] Failed to load resource: net::ERR_BLOCKED_BY_CLIENT @ https://collector.github.com/github/collect:0
[ 1912135ms] [ERROR] Failed to load resource: net::ERR_BLOCKED_BY_CLIENT @ https://collector.github.com/github/collect:0
[ 1912475ms] [ERROR] Failed to load resource: net::ERR_BLOCKED_BY_CLIENT @ https://collector.github.com/github/collect:0
[ 1912588ms] [ERROR] Failed to load resource: net::ERR_BLOCKED_BY_CLIENT @ https://collector.github.com/github/collect:0
[ 1914626ms] [ERROR] Failed to load resource: net::ERR_BLOCKED_BY_CLIENT @ https://collector.github.com/github/collect:0
[ 1915453ms] [ERROR] Failed to load resource: net::ERR_BLOCKED_BY_CLIENT @ https://collector.github.com/github/collect:0
[ 1915719ms] [ERROR] Failed to load resource: net::ERR_BLOCKED_BY_CLIENT @ https://collector.github.com/github/collect:0
[ 1916037ms] [ERROR] Failed to load resource: net::ERR_BLOCKED_BY_CLIENT @ https://collector.github.com/github/collect:0
[ 1921141ms] [ERROR] Failed to load resource: net::ERR_BLOCKED_BY_CLIENT @ https://collector.github.com/github/collect:0
[ 1921541ms] [ERROR] Failed to load resource: net::ERR_BLOCKED_BY_CLIENT @ https://collector.github.com/github/collect:0
[ 1922616ms] [ERROR] Failed to load resource: net::ERR_BLOCKED_BY_CLIENT @ https://collector.github.com/github/collect:0
[ 1922644ms] [ERROR] Failed to load resource: net::ERR_BLOCKED_BY_CLIENT @ https://collector.github.com/github/collect:0
[ 1923217ms] [ERROR] Failed to load resource: net::ERR_BLOCKED_BY_CLIENT @ https://collector.github.com/github/collect:0
[ 1931644ms] [ERROR] Failed to load resource: net::ERR_BLOCKED_BY_CLIENT @ https://collector.github.com/github/collect:0
[ 1931793ms] [ERROR] Failed to load resource: net::ERR_BLOCKED_BY_CLIENT @ https://collector.github.com/github/collect:0
[ 1931989ms] [ERROR] Failed to load resource: net::ERR_BLOCKED_BY_CLIENT @ https://collector.github.com/github/collect:0
[ 1932375ms] [ERROR] Failed to load resource: net::ERR_BLOCKED_BY_CLIENT @ https://collector.github.com/github/collect:0
[ 1933952ms] [ERROR] Failed to load resource: net::ERR_BLOCKED_BY_CLIENT @ https://collector.github.com/github/collect:0
[ 1933969ms] [ERROR] Failed to load resource: net::ERR_BLOCKED_BY_CLIENT @ https://collector.github.com/github/collect:0
[ 1935955ms] [ERROR] Failed to load resource: net::ERR_BLOCKED_BY_CLIENT @ https://collector.github.com/github/collect:0
[ 1937573ms] [ERROR] Failed to load resource: net::ERR_BLOCKED_BY_CLIENT @ https://collector.github.com/github/collect:0
[ 1937602ms] [ERROR] Failed to load resource: net::ERR_BLOCKED_BY_CLIENT @ https://collector.github.com/github/collect:0
[ 1937851ms] [ERROR] Failed to load resource: net::ERR_BLOCKED_BY_CLIENT @ https://collector.github.com/github/collect:0
[ 1938213ms] [ERROR] Failed to load resource: net::ERR_BLOCKED_BY_CLIENT @ https://collector.github.com/github/collect:0
[ 1938375ms] [ERROR] Failed to load resource: net::ERR_BLOCKED_BY_CLIENT @ https://collector.github.com/github/collect:0
[ 1938541ms] [ERROR] Failed to load resource: net::ERR_BLOCKED_BY_CLIENT @ https://collector.github.com/github/collect:0
[ 1942113ms] [ERROR] Failed to load resource: net::ERR_BLOCKED_BY_CLIENT @ https://collector.github.com/github/collect:0
[ 1942572ms] [ERROR] Failed to load resource: net::ERR_BLOCKED_BY_CLIENT @ https://collector.github.com/github/collect:0
[ 1943974ms] [ERROR] Failed to load resource: net::ERR_BLOCKED_BY_CLIENT @ https://collector.github.com/github/collect:0
[ 1944144ms] [ERROR] Failed to load resource: net::ERR_BLOCKED_BY_CLIENT @ https://collector.github.com/github/collect:0
[ 1944748ms] [ERROR] Failed to load resource: net::ERR_BLOCKED_BY_CLIENT @ https://collector.github.com/github/collect:0
[ 1944999ms] [ERROR] Failed to load resource: net::ERR_BLOCKED_BY_CLIENT @ https://collector.github.com/github/collect:0
[ 1945160ms] [ERROR] Failed to load resource: net::ERR_BLOCKED_BY_CLIENT @ https://collector.github.com/github/collect:0
[ 1946977ms] [ERROR] Failed to load resource: net::ERR_BLOCKED_BY_CLIENT @ https://collector.github.com/github/collect:0
[ 1947392ms] [ERROR] Failed to load resource: net::ERR_BLOCKED_BY_CLIENT @ https://collector.github.com/github/collect:0
[ 1948100ms] [ERROR] Failed to load resource: net::ERR_BLOCKED_BY_CLIENT @ https://collector.github.com/github/collect:0
[ 1948141ms] [ERROR] Failed to load resource: net::ERR_BLOCKED_BY_CLIENT @ https://collector.github.com/github/collect:0
[ 1948606ms] [ERROR] Failed to load resource: net::ERR_BLOCKED_BY_CLIENT @ https://collector.github.com/github/collect:0
[ 1948682ms] [ERROR] Failed to load resource: net::ERR_BLOCKED_BY_CLIENT @ https://collector.github.com/github/collect:0
[ 1950452ms] [ERROR] Failed to load resource: net::ERR_BLOCKED_BY_CLIENT @ https://collector.github.com/github/collect:0
[ 1951101ms] [ERROR] Failed to load resource: net::ERR_BLOCKED_BY_CLIENT @ https://collector.github.com/github/collect:0
[ 1953656ms] [ERROR] Failed to load resource: net::ERR_BLOCKED_BY_CLIENT @ https://collector.github.com/github/collect:0
[ 1953973ms] [ERROR] Failed to load resource: net::ERR_BLOCKED_BY_CLIENT @ https://collector.github.com/github/collect:0
[ 1954458ms] [ERROR] Failed to load resource: net::ERR_BLOCKED_BY_CLIENT @ https://collector.github.com/github/collect:0
[ 1954588ms] [ERROR] Failed to load resource: net::ERR_BLOCKED_BY_CLIENT @ https://collector.github.com/github/collect:0
[ 1954705ms] [ERROR] Failed to load resource: net::ERR_BLOCKED_BY_CLIENT @ https://collector.github.com/github/collect:0
[ 1954723ms] [ERROR] Failed to load resource: net::ERR_BLOCKED_BY_CLIENT @ https://collector.github.com/github/collect:0
[ 1954802ms] [ERROR] Failed to load resource: net::ERR_BLOCKED_BY_CLIENT @ https://collector.github.com/github/collect:0
[ 1956237ms] [ERROR] Failed to load resource: net::ERR_BLOCKED_BY_CLIENT @ https://collector.github.com/github/collect:0
[ 1956419ms] [ERROR] Failed to load resource: net::ERR_BLOCKED_BY_CLIENT @ https://collector.github.com/github/collect:0
[ 1956570ms] [ERROR] Failed to load resource: net::ERR_BLOCKED_BY_CLIENT @ https://collector.github.com/github/collect:0
[ 1960288ms] [ERROR] Failed to load resource: net::ERR_BLOCKED_BY_CLIENT @ https://collector.github.com/github/collect:0
[ 1960501ms] [ERROR] Failed to load resource: net::ERR_BLOCKED_BY_CLIENT @ https://collector.github.com/github/collect:0
[ 1960535ms] [ERROR] Failed to load resource: net::ERR_BLOCKED_BY_CLIENT @ https://collector.github.com/github/collect:0
[ 1962454ms] [ERROR] Failed to load resource: net::ERR_BLOCKED_BY_CLIENT @ https://collector.github.com/github/collect:0
[ 1963656ms] [ERROR] Failed to load resource: net::ERR_BLOCKED_BY_CLIENT @ https://collector.github.com/github/collect:0
[ 1963942ms] [ERROR] Failed to load resource: net::ERR_BLOCKED_BY_CLIENT @ https://collector.github.com/github/collect:0
[ 1976255ms] [ERROR] Failed to load resource: net::ERR_BLOCKED_BY_CLIENT @ https://collector.github.com/github/collect:0
[ 1976553ms] [ERROR] Failed to load resource: net::ERR_BLOCKED_BY_CLIENT @ https://collector.github.com/github/collect:0
[ 1988800ms] [ERROR] Failed to load resource: net::ERR_BLOCKED_BY_CLIENT @ https://collector.github.com/github/collect:0
[ 1988824ms] [ERROR] Failed to load resource: net::ERR_BLOCKED_BY_CLIENT @ https://collector.github.com/github/collect:0
[ 1988886ms] [ERROR] Failed to load resource: net::ERR_BLOCKED_BY_CLIENT @ https://collector.github.com/github/collect:0
[ 1990405ms] [ERROR] Failed to load resource: net::ERR_BLOCKED_BY_CLIENT @ https://collector.github.com/github/collect:0
[ 1990709ms] [ERROR] Failed to load resource: net::ERR_BLOCKED_BY_CLIENT @ https://collector.github.com/github/collect:0
[ 2005690ms] [ERROR] Failed to load resource: net::ERR_BLOCKED_BY_CLIENT @ https://collector.github.com/github/collect:0
[ 2022765ms] [ERROR] Failed to load resource: net::ERR_BLOCKED_BY_CLIENT @ https://collector.github.com/github/collect:0
[ 2036777ms] [ERROR] Failed to load resource: net::ERR_BLOCKED_BY_CLIENT @ https://collector.github.com/github/collect:0
[ 2049911ms] [ERROR] Failed to load resource: net::ERR_BLOCKED_BY_CLIENT @ https://collector.github.com/github/collect:0
[ 2062968ms] [ERROR] Failed to load resource: net::ERR_BLOCKED_BY_CLIENT @ https://collector.github.com/github/collect:0
[ 2076321ms] [ERROR] Failed to load resource: net::ERR_BLOCKED_BY_CLIENT @ https://collector.github.com/github/collect:0
[ 2099667ms] [ERROR] Failed to load resource: net::ERR_BLOCKED_BY_CLIENT @ https://collector.github.com/github/collect:0
[ 2113575ms] [ERROR] Failed to load resource: net::ERR_BLOCKED_BY_CLIENT @ https://collector.github.com/github/collect:0
[ 2118553ms] [ERROR] Failed to load resource: net::ERR_BLOCKED_BY_CLIENT @ https://collector.github.com/github/collect:0
[ 2118604ms] [ERROR] Failed to load resource: net::ERR_BLOCKED_BY_CLIENT @ https://collector.github.com/github/collect:0
[ 2119429ms] [ERROR] Failed to load resource: net::ERR_BLOCKED_BY_CLIENT @ https://collector.github.com/github/collect:0
[ 2119478ms] [ERROR] Failed to load resource: net::ERR_BLOCKED_BY_CLIENT @ https://collector.github.com/github/collect:0
[ 2121063ms] [ERROR] Failed to load resource: net::ERR_BLOCKED_BY_CLIENT @ https://collector.github.com/github/collect:0
[ 2121950ms] [ERROR] Failed to load resource: net::ERR_BLOCKED_BY_CLIENT @ https://collector.github.com/github/collect:0
[ 2123179ms] [ERROR] Failed to load resource: net::ERR_BLOCKED_BY_CLIENT @ https://collector.github.com/github/collect:0
[ 2124382ms] [ERROR] Failed to load resource: net::ERR_BLOCKED_BY_CLIENT @ https://collector.github.com/github/collect:0
[ 2124578ms] [ERROR] Failed to load resource: net::ERR_BLOCKED_BY_CLIENT @ https://collector.github.com/github/collect:0
[ 2125075ms] [ERROR] Failed to load resource: net::ERR_BLOCKED_BY_CLIENT @ https://collector.github.com/github/collect:0
[ 2126567ms] [ERROR] Failed to load resource: net::ERR_BLOCKED_BY_CLIENT @ https://collector.github.com/github/collect:0
[ 2126913ms] [ERROR] Failed to load resource: net::ERR_BLOCKED_BY_CLIENT @ https://collector.github.com/github/collect:0
[ 2127478ms] [ERROR] Failed to load resource: net::ERR_BLOCKED_BY_CLIENT @ https://collector.github.com/github/collect:0
[ 2127706ms] [ERROR] Failed to load resource: net::ERR_BLOCKED_BY_CLIENT @ https://collector.github.com/github/collect:0
[ 2128598ms] [ERROR] Failed to load resource: net::ERR_BLOCKED_BY_CLIENT @ https://collector.github.com/github/collect:0
[ 2129304ms] [ERROR] Failed to load resource: net::ERR_BLOCKED_BY_CLIENT @ https://collector.github.com/github/collect:0
[ 2129484ms] [ERROR] Failed to load resource: net::ERR_BLOCKED_BY_CLIENT @ https://collector.github.com/github/collect:0
[ 2129940ms] [ERROR] Failed to load resource: net::ERR_BLOCKED_BY_CLIENT @ https://collector.github.com/github/collect:0
[ 2129995ms] [ERROR] Failed to load resource: net::ERR_BLOCKED_BY_CLIENT @ https://collector.github.com/github/collect:0
[ 2130410ms] [ERROR] Failed to load resource: net::ERR_BLOCKED_BY_CLIENT @ https://collector.github.com/github/collect:0
[ 2130905ms] [ERROR] Failed to load resource: net::ERR_BLOCKED_BY_CLIENT @ https://collector.github.com/github/collect:0
[ 2131035ms] [ERROR] Failed to load resource: net::ERR_BLOCKED_BY_CLIENT @ https://collector.github.com/github/collect:0
[ 2132546ms] [ERROR] Failed to load resource: net::ERR_BLOCKED_BY_CLIENT @ https://collector.github.com/github/collect:0
[ 2133689ms] [ERROR] Failed to load resource: net::ERR_BLOCKED_BY_CLIENT @ https://collector.github.com/github/collect:0
[ 2134043ms] [ERROR] Failed to load resource: net::ERR_BLOCKED_BY_CLIENT @ https://collector.github.com/github/collect:0
[ 2134249ms] [ERROR] Failed to load resource: net::ERR_BLOCKED_BY_CLIENT @ https://collector.github.com/github/collect:0
[ 2134495ms] [ERROR] Failed to load resource: net::ERR_BLOCKED_BY_CLIENT @ https://collector.github.com/github/collect:0
[ 2139063ms] [ERROR] Failed to load resource: net::ERR_BLOCKED_BY_CLIENT @ https://collector.github.com/github/collect:0
[ 2139662ms] [ERROR] Failed to load resource: net::ERR_BLOCKED_BY_CLIENT @ https://collector.github.com/github/collect:0
[ 2139823ms] [ERROR] Failed to load resource: net::ERR_BLOCKED_BY_CLIENT @ https://collector.github.com/github/collect:0
[ 2140810ms] [ERROR] Failed to load resource: net::ERR_BLOCKED_BY_CLIENT @ https://collector.github.com/github/collect:0
[ 2141446ms] [ERROR] Failed to load resource: net::ERR_BLOCKED_BY_CLIENT @ https://collector.github.com/github/collect:0
[ 2142872ms] [ERROR] Failed to load resource: net::ERR_BLOCKED_BY_CLIENT @ https://collector.github.com/github/collect:0
[ 2143394ms] [ERROR] Failed to load resource: net::ERR_BLOCKED_BY_CLIENT @ https://collector.github.com/github/collect:0
[ 2144306ms] [ERROR] Failed to load resource: net::ERR_BLOCKED_BY_CLIENT @ https://collector.github.com/github/collect:0
[ 2144403ms] [ERROR] Failed to load resource: net::ERR_BLOCKED_BY_CLIENT @ https://collector.github.com/github/collect:0
[ 2144810ms] [ERROR] Failed to load resource: net::ERR_BLOCKED_BY_CLIENT @ https://collector.github.com/github/collect:0
[ 2145144ms] [ERROR] Failed to load resource: net::ERR_BLOCKED_BY_CLIENT @ https://collector.github.com/github/collect:0
[ 2145190ms] [ERROR] Failed to load resource: net::ERR_BLOCKED_BY_CLIENT @ https://collector.github.com/github/collect:0
[ 2146197ms] [ERROR] Failed to load resource: net::ERR_BLOCKED_BY_CLIENT @ https://collector.github.com/github/collect:0
[ 2147666ms] [ERROR] Failed to load resource: net::ERR_BLOCKED_BY_CLIENT @ https://collector.github.com/github/collect:0
[ 2148151ms] [ERROR] Failed to load resource: net::ERR_BLOCKED_BY_CLIENT @ https://collector.github.com/github/collect:0
[ 2149710ms] [ERROR] Failed to load resource: net::ERR_BLOCKED_BY_CLIENT @ https://collector.github.com/github/collect:0
[ 2150054ms] [ERROR] Failed to load resource: net::ERR_BLOCKED_BY_CLIENT @ https://collector.github.com/github/collect:0
[ 2150121ms] [ERROR] Failed to load resource: net::ERR_BLOCKED_BY_CLIENT @ https://collector.github.com/github/collect:0
[ 2152098ms] [ERROR] Failed to load resource: net::ERR_BLOCKED_BY_CLIENT @ https://collector.github.com/github/collect:0
[ 2152441ms] [ERROR] Failed to load resource: net::ERR_BLOCKED_BY_CLIENT @ https://collector.github.com/github/collect:0
[ 2153776ms] [ERROR] Failed to load resource: net::ERR_BLOCKED_BY_CLIENT @ https://collector.github.com/github/collect:0
[ 2153947ms] [ERROR] Failed to load resource: net::ERR_BLOCKED_BY_CLIENT @ https://collector.github.com/github/collect:0
[ 2154443ms] [ERROR] Failed to load resource: net::ERR_BLOCKED_BY_CLIENT @ https://collector.github.com/github/collect:0
[ 2154473ms] [ERROR] Failed to load resource: net::ERR_BLOCKED_BY_CLIENT @ https://collector.github.com/github/collect:0
[ 2155046ms] [ERROR] Failed to load resource: net::ERR_BLOCKED_BY_CLIENT @ https://collector.github.com/github/collect:0
[ 2155542ms] [ERROR] Failed to load resource: net::ERR_BLOCKED_BY_CLIENT @ https://collector.github.com/github/collect:0
[ 2155594ms] [ERROR] Failed to load resource: net::ERR_BLOCKED_BY_CLIENT @ https://collector.github.com/github/collect:0
[ 2157309ms] [ERROR] Failed to load resource: net::ERR_BLOCKED_BY_CLIENT @ https://collector.github.com/github/collect:0
[ 2157478ms] [ERROR] Failed to load resource: net::ERR_BLOCKED_BY_CLIENT @ https://collector.github.com/github/collect:0
[ 2158824ms] [ERROR] Failed to load resource: net::ERR_BLOCKED_BY_CLIENT @ https://collector.github.com/github/collect:0
[ 2159125ms] [ERROR] Failed to load resource: net::ERR_BLOCKED_BY_CLIENT @ https://collector.github.com/github/collect:0
[ 2159882ms] [ERROR] Failed to load resource: net::ERR_BLOCKED_BY_CLIENT @ https://collector.github.com/github/collect:0
[ 2161497ms] [ERROR] Failed to load resource: net::ERR_BLOCKED_BY_CLIENT @ https://collector.github.com/github/collect:0
[ 2162522ms] [ERROR] Failed to load resource: net::ERR_BLOCKED_BY_CLIENT @ https://collector.github.com/github/collect:0
[ 2162649ms] [ERROR] Failed to load resource: net::ERR_BLOCKED_BY_CLIENT @ https://collector.github.com/github/collect:0
[ 2163511ms] [ERROR] Failed to load resource: net::ERR_BLOCKED_BY_CLIENT @ https://collector.github.com/github/collect:0
[ 2164331ms] [ERROR] Failed to load resource: net::ERR_BLOCKED_BY_CLIENT @ https://collector.github.com/github/collect:0
[ 2164447ms] [ERROR] Failed to load resource: net::ERR_BLOCKED_BY_CLIENT @ https://collector.github.com/github/collect:0
[ 2165462ms] [ERROR] Failed to load resource: net::ERR_BLOCKED_BY_CLIENT @ https://collector.github.com/github/collect:0
[ 2166575ms] [ERROR] Failed to load resource: net::ERR_BLOCKED_BY_CLIENT @ https://collector.github.com/github/collect:0
[ 2167430ms] [ERROR] Failed to load resource: net::ERR_BLOCKED_BY_CLIENT @ https://collector.github.com/github/collect:0
[ 2168545ms] [ERROR] Failed to load resource: net::ERR_BLOCKED_BY_CLIENT @ https://collector.github.com/github/collect:0
[ 2172244ms] [ERROR] Failed to load resource: net::ERR_BLOCKED_BY_CLIENT @ https://collector.github.com/github/collect:0
[ 2172308ms] [ERROR] Failed to load resource: net::ERR_BLOCKED_BY_CLIENT @ https://collector.github.com/github/collect:0
[ 2173858ms] [ERROR] Failed to load resource: net::ERR_BLOCKED_BY_CLIENT @ https://collector.github.com/github/collect:0
[ 2174308ms] [ERROR] Failed to load resource: net::ERR_BLOCKED_BY_CLIENT @ https://collector.github.com/github/collect:0
[ 2174740ms] [ERROR] Failed to load resource: net::ERR_BLOCKED_BY_CLIENT @ https://collector.github.com/github/collect:0
[ 2175028ms] [ERROR] Failed to load resource: net::ERR_BLOCKED_BY_CLIENT @ https://collector.github.com/github/collect:0
[ 2175855ms] [ERROR] Failed to load resource: net::ERR_BLOCKED_BY_CLIENT @ https://collector.github.com/github/collect:0
[ 2175930ms] [ERROR] Failed to load resource: net::ERR_BLOCKED_BY_CLIENT @ https://collector.github.com/github/collect:0
[ 2176174ms] [ERROR] Failed to load resource: net::ERR_BLOCKED_BY_CLIENT @ https://collector.github.com/github/collect:0
[ 2176776ms] [ERROR] Failed to load resource: net::ERR_BLOCKED_BY_CLIENT @ https://collector.github.com/github/collect:0
[ 2177323ms] [ERROR] Failed to load resource: net::ERR_BLOCKED_BY_CLIENT @ https://collector.github.com/github/collect:0
[ 2177372ms] [ERROR] Failed to load resource: net::ERR_BLOCKED_BY_CLIENT @ https://collector.github.com/github/collect:0
[ 2179693ms] [ERROR] Failed to load resource: net::ERR_BLOCKED_BY_CLIENT @ https://collector.github.com/github/collect:0
[ 2180660ms] [ERROR] Failed to load resource: net::ERR_BLOCKED_BY_CLIENT @ https://collector.github.com/github/collect:0
[ 2180857ms] [ERROR] Failed to load resource: net::ERR_BLOCKED_BY_CLIENT @ https://collector.github.com/github/collect:0
[ 2181124ms] [ERROR] Failed to load resource: net::ERR_BLOCKED_BY_CLIENT @ https://collector.github.com/github/collect:0
[ 2181407ms] [ERROR] Failed to load resource: net::ERR_BLOCKED_BY_CLIENT @ https://collector.github.com/github/collect:0
[ 2181709ms] [ERROR] Failed to load resource: net::ERR_BLOCKED_BY_CLIENT @ https://collector.github.com/github/collect:0
[ 2182857ms] [ERROR] Failed to load resource: net::ERR_BLOCKED_BY_CLIENT @ https://collector.github.com/github/collect:0
[ 2184840ms] [ERROR] Failed to load resource: net::ERR_BLOCKED_BY_CLIENT @ https://collector.github.com/github/collect:0
[ 2184876ms] [ERROR] Failed to load resource: net::ERR_BLOCKED_BY_CLIENT @ https://collector.github.com/github/collect:0
[ 2185158ms] [ERROR] Failed to load resource: net::ERR_BLOCKED_BY_CLIENT @ https://collector.github.com/github/collect:0
[ 2185457ms] [ERROR] Failed to load resource: net::ERR_BLOCKED_BY_CLIENT @ https://collector.github.com/github/collect:0
[ 2185762ms] [ERROR] Failed to load resource: net::ERR_BLOCKED_BY_CLIENT @ https://collector.github.com/github/collect:0
[ 2187726ms] [ERROR] Failed to load resource: net::ERR_BLOCKED_BY_CLIENT @ https://collector.github.com/github/collect:0
[ 2187757ms] [ERROR] Failed to load resource: net::ERR_BLOCKED_BY_CLIENT @ https://collector.github.com/github/collect:0
[ 2188324ms] [ERROR] Failed to load resource: net::ERR_BLOCKED_BY_CLIENT @ https://collector.github.com/github/collect:0
[ 2188897ms] [ERROR] Failed to load resource: net::ERR_BLOCKED_BY_CLIENT @ https://collector.github.com/github/collect:0
[ 2189060ms] [ERROR] Failed to load resource: net::ERR_BLOCKED_BY_CLIENT @ https://collector.github.com/github/collect:0
[ 2189107ms] [ERROR] Failed to load resource: net::ERR_BLOCKED_BY_CLIENT @ https://collector.github.com/github/collect:0
[ 2194661ms] [ERROR] Failed to load resource: net::ERR_BLOCKED_BY_CLIENT @ https://collector.github.com/github/collect:0
[ 2194864ms] [ERROR] Failed to load resource: net::ERR_BLOCKED_BY_CLIENT @ https://collector.github.com/github/collect:0
[ 2198937ms] [ERROR] Failed to load resource: net::ERR_BLOCKED_BY_CLIENT @ https://collector.github.com/github/collect:0
[ 2199189ms] [ERROR] Failed to load resource: net::ERR_BLOCKED_BY_CLIENT @ https://collector.github.com/github/collect:0
[ 2199209ms] [ERROR] Failed to load resource: net::ERR_BLOCKED_BY_CLIENT @ https://collector.github.com/github/collect:0
[ 2199340ms] [ERROR] Failed to load resource: net::ERR_BLOCKED_BY_CLIENT @ https://collector.github.com/github/collect:0
